content,date,dislikes,likes,press,title,userName
좋겠다 우와,2020-01-02T06:38:42+0000,0,0,연합뉴스,"슈주 김희철·트와이스 모모, 열애 인정… 13살차이 한일 커플",9622****
불효자,2020-01-02T06:36:19+0000,0,0,연합뉴스,"슈주 김희철·트와이스 모모, 열애 인정… 13살차이 한일 커플",yuns****
여자좀 만나본 남자들이 여자 잘고르는건 팩트,2020-01-02T06:34:39+0000,0,0,연합뉴스,"슈주 김희철·트와이스 모모, 열애 인정… 13살차이 한일 커플",refl****
우리나라도 일본남자들 처럼 연애 안하기시작하면서 페미망할려나 ㅋㅋㅋ,2020-01-02T06:33:42+0000,0,0,연합뉴스,"슈주 김희철·트와이스 모모, 열애 인정… 13살차이 한일 커플",l_a_****
한녀들하고 결혼하면 밖에나가 돈벌어와도 대접못받음 ~ 맞벌이면 다행이지만  혼자 외벌이는 진짜  죽음을 각오하고 결혼해야됨  ~평일날 뼈빠지게 일하고 주말에는 애들 마누라 운전기사노릇에  회사에서 짤리거나  의도치않게 직장을 잃을경우   즉각 이혼당함 ~~ 요즘 여자들한테  쥐죽은듯 사는 남자들 흔하더라    넘 여자들이 드쎄,2020-01-02T06:29:37+0000,0,0,연합뉴스,"슈주 김희철·트와이스 모모, 열애 인정… 13살차이 한일 커플",vick****
한녀보단 낫지,2020-01-02T06:29:14+0000,0,0,연합뉴스,"슈주 김희철·트와이스 모모, 열애 인정… 13살차이 한일 커플",jjan****
스고이~,2020-01-02T06:28:52+0000,0,0,연합뉴스,"슈주 김희철·트와이스 모모, 열애 인정… 13살차이 한일 커플",this****
그럼 김희철 이제 미우새 못나오는건가??,2020-01-02T06:28:10+0000,0,0,연합뉴스,"슈주 김희철·트와이스 모모, 열애 인정… 13살차이 한일 커플",84wi****
모모 사진에 귀여운 모모도 아니고.. 귀여운 앞머리 ㅋㅋㅋㅋ 평소 아형에서도 모모 이름을 노래 부르더만 결국 만나는구나 ㅋㅋ 두사람다 행복하길!,2020-01-02T06:27:09+0000,0,0,연합뉴스,"슈주 김희철·트와이스 모모, 열애 인정… 13살차이 한일 커플",84wi****
결벽증....,2020-01-02T06:26:34+0000,0,0,연합뉴스,"슈주 김희철·트와이스 모모, 열애 인정… 13살차이 한일 커플",pyj6****
최근 호감이 아니라 오래된듯 한대요?,2020-01-02T06:25:51+0000,0,0,연합뉴스,"슈주 김희철·트와이스 모모, 열애 인정… 13살차이 한일 커플",cypr****
희철이하고 모모 같이나온 프로그램 다시한번 봐야겠다.. 사이가 아주 오래된건데..,2020-01-02T06:20:34+0000,0,0,연합뉴스,"슈주 김희철·트와이스 모모, 열애 인정… 13살차이 한일 커플",wgba****
디스패치에 뭘 찍혔길래 제 발 저려서 인정한걸까?,2020-01-02T06:20:16+0000,0,0,연합뉴스,"슈주 김희철·트와이스 모모, 열애 인정… 13살차이 한일 커플",miss****
우리나라는  아이돌이 연애공식발표하는 특이한 나라긴하다....,2020-01-02T06:20:13+0000,0,0,연합뉴스,"슈주 김희철·트와이스 모모, 열애 인정… 13살차이 한일 커플",l_a_****
행복하세요~,2020-01-02T06:13:49+0000,0,0,연합뉴스,"슈주 김희철·트와이스 모모, 열애 인정… 13살차이 한일 커플",thgh****
흰철이 요세 뉴스 자주나오네? 나쁜기사는 아니라서 좋네~,2020-01-02T06:08:38+0000,0,0,연합뉴스,"슈주 김희철·트와이스 모모, 열애 인정… 13살차이 한일 커플",junh****
역시 30대 중후반의 남자라서 그런지 여자 보는 눈이 있구만...한국 여자보단 일본 여자지  암,2020-01-02T06:06:04+0000,0,0,연합뉴스,"슈주 김희철·트와이스 모모, 열애 인정… 13살차이 한일 커플",ly12****
오우 김희철좌 ㅇㅈㅇㅈ 디스패치가 이런걸 터트렸어야지,2020-01-02T06:02:28+0000,0,0,연합뉴스,"슈주 김희철·트와이스 모모, 열애 인정… 13살차이 한일 커플",heew****
성격 십창난 한녀보단 일녀지,2020-01-02T06:01:05+0000,0,0,연합뉴스,"슈주 김희철·트와이스 모모, 열애 인정… 13살차이 한일 커플",lesi****
굳이 남의 연애에 행복해라 뭐 해라 이런글 좀 보기 그렇다 서로 잘 맞아 결혼까지 가는거 아니면 몰라도 중간에 사귀다 헤어지기도 하고 싸우기도 할 수 있는데 이게 벌써부터 축하받을 일인지 모르겠네 모모팬이든 희철팬이든 아끼는 사람들 많을 텐데 상대 연예인이 어떤 사람인지도 모르는데 함부로 말하기 좀 그렇지 않나,2020-01-02T06:00:23+0000,0,0,연합뉴스,"슈주 김희철·트와이스 모모, 열애 인정… 13살차이 한일 커플",pino****
저번에 그렇게 아니라고 우기더니 웃기네,2020-01-02T08:17:41+0000,0,0,연합뉴스,"슈주 김희철·트와이스 모모, 열애 인정… 13살차이 한일 커플",cera****
부러운 자식~~~~~~~~,2020-01-02T08:17:19+0000,0,0,연합뉴스,"슈주 김희철·트와이스 모모, 열애 인정… 13살차이 한일 커플",ooyy****
실망 스럽네..,2020-01-02T08:17:19+0000,0,0,연합뉴스,"슈주 김희철·트와이스 모모, 열애 인정… 13살차이 한일 커플",soun****
아~실망스럽다.,2020-01-02T08:15:53+0000,0,0,연합뉴스,"슈주 김희철·트와이스 모모, 열애 인정… 13살차이 한일 커플",doro****
모야 넘 잘어울려,2020-01-02T08:15:04+0000,0,0,연합뉴스,"슈주 김희철·트와이스 모모, 열애 인정… 13살차이 한일 커플",lily****
김희철이 37살이라는게 더 충격이네....,2020-01-02T08:14:25+0000,0,0,연합뉴스,"슈주 김희철·트와이스 모모, 열애 인정… 13살차이 한일 커플",juh9****
우리를 속였구나. 트와이스는 진짜 잘 되니깐 우릴 배신하네. 이제부터 걸그룹 따위는 절대로 응원 안 한다.,2020-01-02T08:13:56+0000,0,0,연합뉴스,"슈주 김희철·트와이스 모모, 열애 인정… 13살차이 한일 커플",love****
잘되면 좋겠다 이쁘게 행복하게!!,2020-01-02T08:12:01+0000,0,0,연합뉴스,"슈주 김희철·트와이스 모모, 열애 인정… 13살차이 한일 커플",joym****
진짜 잘 어울린다 ㅎ 이쁜사랑하세요~ ㅎㅎ,2020-01-02T08:05:39+0000,0,0,연합뉴스,"슈주 김희철·트와이스 모모, 열애 인정… 13살차이 한일 커플",83yy****
남좌다잉~ 행복하세요,2020-01-02T08:01:59+0000,0,0,연합뉴스,"슈주 김희철·트와이스 모모, 열애 인정… 13살차이 한일 커플",airj****
와 김희철 부럽다. 이쁜 사랑하세요. 흑흑 ㅜㅜ,2020-01-02T08:01:46+0000,0,0,연합뉴스,"슈주 김희철·트와이스 모모, 열애 인정… 13살차이 한일 커플",sosb****
불매운동 안하냐? 불매는 떠들면서 트와이스는 빨아제끼누?,2020-01-02T06:34:58+0000,1,1,연합뉴스,"슈주 김희철·트와이스 모모, 열애 인정… 13살차이 한일 커플",mbck****
오늘부터 김희철 안티한다. 감히 모모 스시녀를,2020-01-02T06:33:52+0000,1,1,연합뉴스,"슈주 김희철·트와이스 모모, 열애 인정… 13살차이 한일 커플",rupt****
김희철이 옳다 바라는 것만 많은 김치 /먹는/// 년들 버리는게 답이다,2020-01-02T06:27:32+0000,1,1,연합뉴스,"슈주 김희철·트와이스 모모, 열애 인정… 13살차이 한일 커플",heon****
그래 잘 어울린다 싸우지 말고 서로 아끼고 위하며 알콩달콩 살아라,2020-01-02T06:27:20+0000,1,1,연합뉴스,"슈주 김희철·트와이스 모모, 열애 인정… 13살차이 한일 커플",kkyg****
남자비율이 높으면 댓글수준이 진심 개판이됌 ㅋㅋㅋ다갈등아니면 욕설,2020-01-02T06:08:00+0000,1,1,연합뉴스,"슈주 김희철·트와이스 모모, 열애 인정… 13살차이 한일 커플",gksr****
부럽다...탈한녀....,2020-01-02T05:15:15+0000,1,1,연합뉴스,"슈주 김희철·트와이스 모모, 열애 인정… 13살차이 한일 커플",puma****
와 진짜 희철이형 진짜 팬 됐습니다... 30살 넘은 김치는 여자 아니죠 바람직합니다 ㅎㅎ,2020-01-02T05:09:54+0000,1,1,연합뉴스,"슈주 김희철·트와이스 모모, 열애 인정… 13살차이 한일 커플",chas****
불매운동 하는데...,2020-01-02T05:06:59+0000,1,1,연합뉴스,"슈주 김희철·트와이스 모모, 열애 인정… 13살차이 한일 커플",rock****
남자라면 적어도 띠동갑 연하정도는 만나줘야제 엣헴,2020-01-02T04:55:01+0000,1,1,연합뉴스,"슈주 김희철·트와이스 모모, 열애 인정… 13살차이 한일 커플",hubb****
모모는 철부지,2020-01-02T07:48:49+0000,0,0,연합뉴스,"슈주 김희철·트와이스 모모, 열애 인정… 13살차이 한일 커플",ntpe****
아니 근데 모모가 정신이 나갔다 어디 김희철 같은 수퍼스타를 감히 들먹여!! 이게 괜찮단 말이야?!! 그나저나 아이오아이는 앨범 나오나요?? 부탁 드립니다. ㅎ,2020-01-02T07:48:22+0000,0,0,연합뉴스,"슈주 김희철·트와이스 모모, 열애 인정… 13살차이 한일 커플",wino****
와 보급관님 동갑ㅠ,2020-01-02T07:45:23+0000,0,0,연합뉴스,"슈주 김희철·트와이스 모모, 열애 인정… 13살차이 한일 커플",dkrp****
희철이 이거도둑놈이네ㅋㅋ 부럽다 새캬~ㅋㅋ,2020-01-02T07:44:36+0000,0,0,연합뉴스,"슈주 김희철·트와이스 모모, 열애 인정… 13살차이 한일 커플",rok8****
얼마가겠니     게이  희철,2020-01-02T07:42:09+0000,0,0,연합뉴스,"슈주 김희철·트와이스 모모, 열애 인정… 13살차이 한일 커플",beeu****
앙대~ ㅠㅠ,2020-01-02T07:39:35+0000,0,0,연합뉴스,"슈주 김희철·트와이스 모모, 열애 인정… 13살차이 한일 커플",pyh6****
희철이는 전생에 나라를 구했나 아.... 희철이 부러운 적이 없었지만 광렬하게 부럽다.,2020-01-02T07:38:26+0000,0,0,연합뉴스,"슈주 김희철·트와이스 모모, 열애 인정… 13살차이 한일 커플",ryuj****
헐 진정성공한 성덕이여!,2020-01-02T07:38:07+0000,0,0,연합뉴스,"슈주 김희철·트와이스 모모, 열애 인정… 13살차이 한일 커플",angh****
부럽다,2020-01-02T07:36:42+0000,0,0,연합뉴스,"슈주 김희철·트와이스 모모, 열애 인정… 13살차이 한일 커플",mjw4****
결벽증  어떻게 감당하려나?,2020-01-02T07:34:46+0000,0,0,연합뉴스,"슈주 김희철·트와이스 모모, 열애 인정… 13살차이 한일 커플",jina****
대깨문 반일충들 노재팬해야되는데 혼란스럽겠다,2020-01-02T02:10:38+0000,3,3,연합뉴스,"슈주 김희철·트와이스 모모, 열애 인정… 13살차이 한일 커플",qazw****
둘이 너~~무   안어울린다.,2020-01-02T07:42:29+0000,2,2,연합뉴스,"슈주 김희철·트와이스 모모, 열애 인정… 13살차이 한일 커플",jhki****
성인남여가 12살이든20살이든 썸타다가 만나는건 좋다 돈주고 외국서 사오는건 못하게 법으로막아라 진짜옆에서도 보기싫다 60대가 딸같은여자랑 5.6세자식과 그것도 12시넘은시간에 술집드나들고 애가뭘보고 배울지,2020-01-02T07:24:25+0000,2,2,연합뉴스,"슈주 김희철·트와이스 모모, 열애 인정… 13살차이 한일 커플",aimd****
한년 김치들보단 스시녀가 좋지,2020-01-02T06:32:25+0000,2,2,연합뉴스,"슈주 김희철·트와이스 모모, 열애 인정… 13살차이 한일 커플",dudz****
그짓말안하고 일본가면 모모같이생긴애들 한 5000명 돌아다니는데 굳이 우주대스타가..,2020-01-02T04:51:40+0000,2,2,연합뉴스,"슈주 김희철·트와이스 모모, 열애 인정… 13살차이 한일 커플",dlat****
■ 희철아 !  결혼할거아니면 자꾸 이여자 저여자 건드리지마라.   여자 결혼 못한다.,2020-01-02T02:55:00+0000,2,2,연합뉴스,"슈주 김희철·트와이스 모모, 열애 인정… 13살차이 한일 커플",whal****
저 성격 원만한 김희철도 결국 연애가 싫고 귀찮아서 연애를 안하는 게 아니라 한녀들 zi랄견스런 성격 맞춰줄 수 없어 연애를 안하던거구먼,2020-01-02T02:49:51+0000,2,2,연합뉴스,"슈주 김희철·트와이스 모모, 열애 인정… 13살차이 한일 커플",xhop****
이젠 답은 스시녀다,2020-01-02T02:43:44+0000,2,2,연합뉴스,"슈주 김희철·트와이스 모모, 열애 인정… 13살차이 한일 커플",ssg7****
13살 차이면 지금 내 기준으로 중 3이네 ㅋㅋㅋㅋㅋ잘 크렴,2020-01-02T02:38:20+0000,2,2,연합뉴스,"슈주 김희철·트와이스 모모, 열애 인정… 13살차이 한일 커플",choc****
뭐야~~ㅋ 있지 열혈팬 김희철~~연인은 트와이스~??,2020-01-02T07:15:55+0000,0,0,연합뉴스,"슈주 김희철·트와이스 모모, 열애 인정… 13살차이 한일 커플",nkhk****
좀 헐렁해도 테크닉과 사운드가 일품이지..,2020-01-02T07:14:22+0000,0,0,연합뉴스,"슈주 김희철·트와이스 모모, 열애 인정… 13살차이 한일 커플",kim4****
"두 분, 축하드려요.  행복하세요.",2020-01-02T07:10:14+0000,0,0,연합뉴스,"슈주 김희철·트와이스 모모, 열애 인정… 13살차이 한일 커플",kace****
예쁘게 잘 만났음 좋겠어요. 오래오래 만나세요~,2020-01-02T07:08:56+0000,0,0,연합뉴스,"슈주 김희철·트와이스 모모, 열애 인정… 13살차이 한일 커플",lovu****
축하합니다 ~~~,2020-01-02T07:07:25+0000,0,0,연합뉴스,"슈주 김희철·트와이스 모모, 열애 인정… 13살차이 한일 커플",ghdg****
장난치냐,2020-01-02T07:04:20+0000,0,0,연합뉴스,"슈주 김희철·트와이스 모모, 열애 인정… 13살차이 한일 커플",pecu****
야메떼,2020-01-02T07:02:04+0000,0,0,연합뉴스,"슈주 김희철·트와이스 모모, 열애 인정… 13살차이 한일 커플",gzon****
극우일베버러 ㅈ들이 좋아합니다,2020-01-02T07:02:02+0000,0,0,연합뉴스,"슈주 김희철·트와이스 모모, 열애 인정… 13살차이 한일 커플",cast****
트와이스 아홉명  모두  착하지만  그중에 모모가 가장헌신적이고 착하더라  순둥이,2020-01-02T07:01:43+0000,0,0,연합뉴스,"슈주 김희철·트와이스 모모, 열애 인정… 13살차이 한일 커플",choi****
ㅋㅋ 김희철도 남자다 ㅋㅋ,2020-01-02T07:01:32+0000,0,0,연합뉴스,"슈주 김희철·트와이스 모모, 열애 인정… 13살차이 한일 커플",jlop****
잘어울린다.  행복하게 살아라,2020-01-02T08:44:42+0000,0,0,연합뉴스,"슈주 김희철·트와이스 모모, 열애 인정… 13살차이 한일 커플",sony****
Oh!!!Japan♥,2020-01-02T08:44:33+0000,0,0,연합뉴스,"슈주 김희철·트와이스 모모, 열애 인정… 13살차이 한일 커플",jerm****
냅둬라ㅡㅡ애들도아니고 다큰성인들인데,2020-01-02T08:42:42+0000,0,0,연합뉴스,"슈주 김희철·트와이스 모모, 열애 인정… 13살차이 한일 커플",soun****
이 정도 나이차 나면 역겹다던 그 성별들은 이 커플엔 또 조용하네.,2020-01-02T08:42:31+0000,0,0,연합뉴스,"슈주 김희철·트와이스 모모, 열애 인정… 13살차이 한일 커플",enef****
일녀가 70점 이라면 한녀는 15점 일녀가 여러면에서 앞서지 특히 가정적이며 남편 공경하는점 한녀는 남자가 지들 노예인줄암,2020-01-02T08:41:20+0000,0,0,연합뉴스,"슈주 김희철·트와이스 모모, 열애 인정… 13살차이 한일 커플",3172****
김희철과 루머가 났던 그 수많은 연예인들 중에 진정한 승자는 모모..,2020-01-02T08:36:17+0000,0,0,연합뉴스,"슈주 김희철·트와이스 모모, 열애 인정… 13살차이 한일 커플",suju****
노재팬 울부짖으며 김희철이 욕안하냐?  대깨문들아 ㅋㅋㅋㅋ,2020-01-02T08:34:29+0000,0,0,연합뉴스,"슈주 김희철·트와이스 모모, 열애 인정… 13살차이 한일 커플",9902****
예전에 열애설 한번 났었고 사이사이 얘기가 계속 나왔던 커플이라 그런지 새해 첫 커플 치고는 밍숭맹숭하네 좀 김빠짐,2020-01-02T08:31:01+0000,0,0,연합뉴스,"슈주 김희철·트와이스 모모, 열애 인정… 13살차이 한일 커플",akis****
2년 만난거? 아님 최근부터 만난거? 어쨌든 희님과모모님 축하드립니다~~ 오래오래 행복하세요~~,2020-01-02T08:28:52+0000,0,0,연합뉴스,"슈주 김희철·트와이스 모모, 열애 인정… 13살차이 한일 커플",qwsa****
댓글 수준 뭐람... 우선 연애는 축하드립니다 다만 한남한녀 댓글로 하루종일 말해도 님들은 외국 사람  절대 못만나요 그사람들도 눈이있는데 수준하곤.... 애초에 남여 서로 싫어하기 전부터 한국 사람이랑도 연애 못했으면서... 한남한녀탓은....,2020-01-02T08:28:40+0000,0,0,연합뉴스,"슈주 김희철·트와이스 모모, 열애 인정… 13살차이 한일 커플",thgm****
기모치,2020-01-02T03:01:11+0000,0,1,연합뉴스,"슈주 김희철·트와이스 모모, 열애 인정… 13살차이 한일 커플",zero****
연예인 사귀는것까지우리가 알필요있냐??,2020-01-02T02:57:08+0000,0,1,연합뉴스,"슈주 김희철·트와이스 모모, 열애 인정… 13살차이 한일 커플",medi****
요즘 보면 한국남자 + 일본여자 커플 많음... 반대도 적잖은데 잘 헤어짐. 일본남자들이 이벤트 같은 것 하는 것을 굉장히 남자가 할 일이 아니라고 생각하고 가부장적이거든,2020-01-02T02:54:40+0000,0,1,연합뉴스,"슈주 김희철·트와이스 모모, 열애 인정… 13살차이 한일 커플",drat****
"일제의 모든 것을 불매 운동해야 하지만, 갓스시녀는 허용된다는 게 다수설",2020-01-02T02:52:18+0000,0,1,연합뉴스,"슈주 김희철·트와이스 모모, 열애 인정… 13살차이 한일 커플",pica****
김희철 전에 아는형님에 나와서 절대아니라고 했으면서 그짓말했네ㅠㅠㅠㅠ 어쨌든 모모가 좋으면 나도 좋아ㅎㅎ,2020-01-02T02:42:20+0000,0,1,연합뉴스,"슈주 김희철·트와이스 모모, 열애 인정… 13살차이 한일 커플",kang****
저포즈 프리메이슨 포즈임,2020-01-02T02:40:15+0000,0,1,연합뉴스,"슈주 김희철·트와이스 모모, 열애 인정… 13살차이 한일 커플",yung****
그럼 처음에 열애설 터졌을때 이미 사귀고 있었던거 아닌가...? 아형에서 이제 형들 놀리는것도 좀 잠잠하려나 ㅋㅋㅋㅋㅋ,2020-01-02T02:31:25+0000,0,1,연합뉴스,"슈주 김희철·트와이스 모모, 열애 인정… 13살차이 한일 커플",hear****
아... 희처리가...,2020-01-02T02:29:27+0000,0,1,연합뉴스,"슈주 김희철·트와이스 모모, 열애 인정… 13살차이 한일 커플",coco****
어쨋든 사나 아니라서 다행이다..ㅎㅎ,2020-01-02T02:03:04+0000,0,1,연합뉴스,"슈주 김희철·트와이스 모모, 열애 인정… 13살차이 한일 커플",kcm7****
가세연에서 희철 기사 터진다고해서 걱정했는데 열애 기사네....난또 사고친줄... 이쁜 사랑하세요~좋을때다~욕하는 찌질이들 뭐냐? 청춘남녀가 연애도 못하냐?,2020-01-02T02:00:29+0000,0,1,연합뉴스,"슈주 김희철·트와이스 모모, 열애 인정… 13살차이 한일 커플",eun0****
달창들 공격 끔찍할텐데. ㅠ,2020-01-02T01:59:53+0000,0,1,연합뉴스,"슈주 김희철·트와이스 모모, 열애 인정… 13살차이 한일 커플",benn****
저 손동작 보아하니 김희철도 거기였구나.... 문화계는 다 먹힌건가?,2020-01-02T08:01:05+0000,0,0,연합뉴스,"슈주 김희철·트와이스 모모, 열애 인정… 13살차이 한일 커플",m120****
꼰대들처럼  궁시렁거리지말고  응원해라. 다능력임,2020-01-02T08:00:27+0000,0,0,연합뉴스,"슈주 김희철·트와이스 모모, 열애 인정… 13살차이 한일 커플",hini****
조켓다~~~~ㅊㅋㅊㅋ,2020-01-02T07:57:16+0000,0,0,연합뉴스,"슈주 김희철·트와이스 모모, 열애 인정… 13살차이 한일 커플",thin****
하하하하하하하하하하하하하하하하하하하하하  댓글이 엉망진창일땐 성비를 봐라,2020-01-02T07:56:20+0000,0,0,연합뉴스,"슈주 김희철·트와이스 모모, 열애 인정… 13살차이 한일 커플",ppor****
퇴근을 약 한 시간 남긴 이 시국.,2020-01-02T07:55:24+0000,0,0,연합뉴스,"슈주 김희철·트와이스 모모, 열애 인정… 13살차이 한일 커플",newl****
사나가 아니라서 괜찮아,2020-01-02T07:55:02+0000,0,0,연합뉴스,"슈주 김희철·트와이스 모모, 열애 인정… 13살차이 한일 커플",kaya****
댓글 수준.. 다 처벌시켜야합니다.,2020-01-02T07:53:55+0000,0,0,연합뉴스,"슈주 김희철·트와이스 모모, 열애 인정… 13살차이 한일 커플",stoc****
잘 먹여살려라,2020-01-02T07:52:59+0000,0,0,연합뉴스,"슈주 김희철·트와이스 모모, 열애 인정… 13살차이 한일 커플",erae****
공개연애 축하합니다.,2020-01-02T07:52:59+0000,0,0,연합뉴스,"슈주 김희철·트와이스 모모, 열애 인정… 13살차이 한일 커플",sblu****
모모야 니가 뭐가아쉬워서 왜.....ㅠㅠㅠㅠㅠ,2020-01-02T04:46:48+0000,1,1,연합뉴스,"슈주 김희철·트와이스 모모, 열애 인정… 13살차이 한일 커플",anag****
한국남성들은 제발 다 일본남성과 결혼해주세요....  프레이 포 일녀 한녀....,2020-01-02T04:42:42+0000,1,1,연합뉴스,"슈주 김희철·트와이스 모모, 열애 인정… 13살차이 한일 커플",wind****
솔직히 둘이. 잘어울림,2020-01-02T04:37:14+0000,1,1,연합뉴스,"슈주 김희철·트와이스 모모, 열애 인정… 13살차이 한일 커플",bok3****
한남 일녀 좋지. 한녀들은 중국이나 과테말라 남으로..,2020-01-02T04:37:03+0000,1,1,연합뉴스,"슈주 김희철·트와이스 모모, 열애 인정… 13살차이 한일 커플",ikur****
모모는 맨날 깨끗이 씻고 다녀야겟당~깔끔쟁이 희철이,2020-01-02T04:29:01+0000,1,1,연합뉴스,"슈주 김희철·트와이스 모모, 열애 인정… 13살차이 한일 커플",hsy4****
침대 위에서 잘할 것 같아,2020-01-02T04:05:00+0000,1,1,연합뉴스,"슈주 김희철·트와이스 모모, 열애 인정… 13살차이 한일 커플",ligh****
역시 갓스시녀...,2020-01-02T03:56:20+0000,1,1,연합뉴스,"슈주 김희철·트와이스 모모, 열애 인정… 13살차이 한일 커플",lbj2****
왜 그렇게 나이차를 강조하나 몰라 우리나라는 쓸데없이 둘이 좋으면 그만인거지,2020-01-02T03:35:52+0000,1,1,연합뉴스,"슈주 김희철·트와이스 모모, 열애 인정… 13살차이 한일 커플",zeba****
그래서 어쩌라고  이딴기사질 연예뉴스에 올리고   이곳에서는 치워라  경제살릴 기사나 올려라,2020-01-02T02:51:57+0000,1,1,연합뉴스,"슈주 김희철·트와이스 모모, 열애 인정… 13살차이 한일 커플",jues****
한녀랑 안섞이는것만도 인생 성공각인데 트와이스 모모라니 나라를 구했냐 희철이는ㅋ,2020-01-02T02:36:06+0000,1,1,연합뉴스,"슈주 김희철·트와이스 모모, 열애 인정… 13살차이 한일 커플",chin****
좋은사랑하세요. 기쁜소식이네요ㅋㅋ,2020-01-02T02:26:28+0000,1,1,연합뉴스,"슈주 김희철·트와이스 모모, 열애 인정… 13살차이 한일 커플",mybe****
정연아 빨리 말려! 모모 정신차리게 맛있는걸 입에 물려줘. 모모를 아저씨에게 줄 순 없다구!!,2020-01-02T07:30:15+0000,0,0,연합뉴스,"슈주 김희철·트와이스 모모, 열애 인정… 13살차이 한일 커플",ammo****
중화티비 그렇게 보더닝 .... 중국인이 아니라?,2020-01-02T07:30:06+0000,0,0,연합뉴스,"슈주 김희철·트와이스 모모, 열애 인정… 13살차이 한일 커플",aa89****
ㅅㅂ 안돼~~,2020-01-02T07:29:16+0000,0,0,연합뉴스,"슈주 김희철·트와이스 모모, 열애 인정… 13살차이 한일 커플",9444****
희짱 스고이데스네~,2020-01-02T07:26:05+0000,0,0,연합뉴스,"슈주 김희철·트와이스 모모, 열애 인정… 13살차이 한일 커플",mini****
희철아 부럽다,2020-01-02T07:26:03+0000,0,0,연합뉴스,"슈주 김희철·트와이스 모모, 열애 인정… 13살차이 한일 커플",kgv1****
트와는 연애가 자유롭네~~~ 다른 아이돌들은 소속사눈치보면서 썸만 타다 끝나는게 대부분~~,2020-01-02T07:24:45+0000,0,0,연합뉴스,"슈주 김희철·트와이스 모모, 열애 인정… 13살차이 한일 커플",yo67****
디스패치 일 안하네 이런거 어제발표해야되는거아님,2020-01-02T07:21:58+0000,0,0,연합뉴스,"슈주 김희철·트와이스 모모, 열애 인정… 13살차이 한일 커플",ldmi****
남자의 특권 할배도 20살 물을수있다.심한가 30살 물을수있다.남자의 특권이지.,2020-01-02T07:18:25+0000,0,0,연합뉴스,"슈주 김희철·트와이스 모모, 열애 인정… 13살차이 한일 커플",wigo****
쉥긴게 꼭 한녀같다!!!!!!!!!!!!!!,2020-01-02T07:17:54+0000,0,0,연합뉴스,"슈주 김희철·트와이스 모모, 열애 인정… 13살차이 한일 커플",neva****
김치녀보다 스시녀가 훠어어얼씬 낫지 ㅋㅋㅋ 부럽다,2020-01-02T07:17:07+0000,0,0,연합뉴스,"슈주 김희철·트와이스 모모, 열애 인정… 13살차이 한일 커플",leni****
대세는 일녀다 ㅠㅠ,2020-01-02T01:58:48+0000,2,2,연합뉴스,"슈주 김희철·트와이스 모모, 열애 인정… 13살차이 한일 커플",dk1k****
일본 여자 좋지~~~~~~오오오와하하하하하하. 이이네~키모찌 이이네네네,2020-01-02T01:51:56+0000,2,2,연합뉴스,"슈주 김희철·트와이스 모모, 열애 인정… 13살차이 한일 커플",jenn****
일본 여자 좋지~~~~~~오오오와하하하하하하. 이이네~키모찌 이이네네네,2020-01-02T01:49:51+0000,2,2,연합뉴스,"슈주 김희철·트와이스 모모, 열애 인정… 13살차이 한일 커플",jenn****
스시녀에 13살연하 부럽다,2020-01-02T01:44:37+0000,2,2,연합뉴스,"슈주 김희철·트와이스 모모, 열애 인정… 13살차이 한일 커플",tein****
김희철이라 다행이다 믿고 맡길수 있지,2020-01-02T08:24:37+0000,1,1,연합뉴스,"슈주 김희철·트와이스 모모, 열애 인정… 13살차이 한일 커플",kfcb****
한국 늙고 추한 노처녀들이 제일 거품물 커플이군 14살연하에 스시녀. 부럽다 희철아,2020-01-02T07:52:03+0000,1,1,연합뉴스,"슈주 김희철·트와이스 모모, 열애 인정… 13살차이 한일 커플",frea****
세계 어느나라를 가도  예쁜 여자 못생긴 여자 공존하는데 유일하게 일본 여잔 내 인생에 한 명도  예쁜  여자를 본 적이 없네  왜일까    정말 눈 씻고 찾아도 없다   어쩜 하나같이 못생겼지?,2020-01-02T07:49:26+0000,1,1,연합뉴스,"슈주 김희철·트와이스 모모, 열애 인정… 13살차이 한일 커플",lcr1****
이 시국에? 일본 여자랑? 토착왜구 인증ㅉㅉ,2020-01-02T07:21:31+0000,1,1,연합뉴스,"슈주 김희철·트와이스 모모, 열애 인정… 13살차이 한일 커플",gpff****
나이가 중요한거였어...희철이가 더 이쁘다능,2020-01-02T06:56:13+0000,1,1,연합뉴스,"슈주 김희철·트와이스 모모, 열애 인정… 13살차이 한일 커플",shin****
전라도 사람으로서 이 연애 반대합니다 !!,2020-01-02T06:56:03+0000,1,1,연합뉴스,"슈주 김희철·트와이스 모모, 열애 인정… 13살차이 한일 커플",asop****
한국년보단 낫지 잘 선택했다,2020-01-02T06:43:22+0000,1,1,연합뉴스,"슈주 김희철·트와이스 모모, 열애 인정… 13살차이 한일 커플",ryuh****
모모야 대주지마,2020-01-02T02:23:04+0000,1,1,연합뉴스,"슈주 김희철·트와이스 모모, 열애 인정… 13살차이 한일 커플",ghdt****
이런말하기 좀 미안하지만 서로바빠서 언젠가는 헤어질듯..,2020-01-02T02:05:05+0000,1,1,연합뉴스,"슈주 김희철·트와이스 모모, 열애 인정… 13살차이 한일 커플",lee6****
부럽다.,2020-01-02T02:00:38+0000,1,1,연합뉴스,"슈주 김희철·트와이스 모모, 열애 인정… 13살차이 한일 커플",gsm8****
희철이형 축하해요~~~!! 둘이 너무 잘 어울려 ㅎㅎ선남선녀커플 행복하게 연애하다가 결혼했으면 좋겠다,2020-01-02T01:49:17+0000,1,1,연합뉴스,"슈주 김희철·트와이스 모모, 열애 인정… 13살차이 한일 커플",bjnh****
한일커플 축하~ 김희철아~,2020-01-02T01:42:02+0000,1,1,연합뉴스,"슈주 김희철·트와이스 모모, 열애 인정… 13살차이 한일 커플",hwan****
와우 13살 차이 대단하다 부럽군,2020-01-02T01:22:30+0000,1,1,연합뉴스,"슈주 김희철·트와이스 모모, 열애 인정… 13살차이 한일 커플",dual****
"이쁘게 사귀세요~근데 안어울림~악플은아녀,마음의소리임",2020-01-02T01:16:01+0000,1,1,연합뉴스,"슈주 김희철·트와이스 모모, 열애 인정… 13살차이 한일 커플",tjsr****
축하해용 희철이 형도 손자 볼때 됬지,2020-01-02T01:02:37+0000,1,1,연합뉴스,"슈주 김희철·트와이스 모모, 열애 인정… 13살차이 한일 커플",jipa****
축하드립니다,2020-01-02T08:56:23+0000,0,0,연합뉴스,"슈주 김희철·트와이스 모모, 열애 인정… 13살차이 한일 커플",ssh4****
페미들 부글부글~~~열받아 모모에게 악플하지는 마세요!! 결혼도 아니고 연애데.....페미들이 못하는 연애 다들 많이 하시니 두분 응원하고 지켜줍시다!!,2020-01-02T08:55:47+0000,0,0,연합뉴스,"슈주 김희철·트와이스 모모, 열애 인정… 13살차이 한일 커플",zard****
아 더러워,2020-01-02T07:01:23+0000,0,0,연합뉴스,"슈주 김희철·트와이스 모모, 열애 인정… 13살차이 한일 커플",sonm****
ㅈ또 무엇을 덮으려고 이사단이 났는가,2020-01-02T06:56:58+0000,0,0,연합뉴스,"슈주 김희철·트와이스 모모, 열애 인정… 13살차이 한일 커플",haaa****
쿵쾅이들아 작작 쿵쾅대 지진난다 야,2020-01-02T06:55:48+0000,0,0,연합뉴스,"슈주 김희철·트와이스 모모, 열애 인정… 13살차이 한일 커플",jsur****
잘어울리세요 두분 좋은 일 있으면 좋겠어요 ^.^,2020-01-02T06:54:39+0000,0,0,연합뉴스,"슈주 김희철·트와이스 모모, 열애 인정… 13살차이 한일 커플",mint****
아니 불매운동이 한창인 이 시기에ㅋㅋㅋ농담이고 예쁜 사랑하시구랴,2020-01-02T06:54:36+0000,0,0,연합뉴스,"슈주 김희철·트와이스 모모, 열애 인정… 13살차이 한일 커플",eunn****
13살 많은데 희철이가 더 이쁘노...,2020-01-02T06:52:30+0000,0,0,연합뉴스,"슈주 김희철·트와이스 모모, 열애 인정… 13살차이 한일 커플",a948****
희철이형 개부럽다..,2020-01-02T06:51:55+0000,0,0,연합뉴스,"슈주 김희철·트와이스 모모, 열애 인정… 13살차이 한일 커플",ququ****
아 희님 정신차리세오...,2020-01-02T06:44:09+0000,0,0,연합뉴스,"슈주 김희철·트와이스 모모, 열애 인정… 13살차이 한일 커플",pink****
솔직히 부럽네 ~,2020-01-02T06:43:24+0000,0,0,연합뉴스,"슈주 김희철·트와이스 모모, 열애 인정… 13살차이 한일 커플",step****
연애인들은 벌거벗은 임금님인건가. 그만 좀 벗겨먹지.,2020-01-02T08:28:29+0000,0,0,연합뉴스,"슈주 김희철·트와이스 모모, 열애 인정… 13살차이 한일 커플",kims****
누구랑  연애랑 하든 쫌 놔둬라!...연애해서  결혼하게...별  연예인하면 평생  독신으로 살아야 됨?,2020-01-02T08:27:37+0000,0,0,연합뉴스,"슈주 김희철·트와이스 모모, 열애 인정… 13살차이 한일 커플",she2****
모모링 모구리 데구리 뿌뿌뿌,2020-01-02T08:26:41+0000,0,0,연합뉴스,"슈주 김희철·트와이스 모모, 열애 인정… 13살차이 한일 커플",sin_****
가세연  최근부터보기 시작했는데  거기서  터진건 긔의다 사실로 터지네!...정치부터  연예 과거 가세연 영상보면  정치..버닝썬 김희철까지! 거의다 팩트네!...,2020-01-02T08:23:21+0000,0,0,연합뉴스,"슈주 김희철·트와이스 모모, 열애 인정… 13살차이 한일 커플",she2****
좋겟다난 5살차아니면18살차랑사겨야지,2020-01-02T08:21:11+0000,0,0,연합뉴스,"슈주 김희철·트와이스 모모, 열애 인정… 13살차이 한일 커플",kkar****
이 시국의 쉽뜨억 X 쓉뜨억의 '이시국'커플을 응원합니다 -전국 트수 협회,2020-01-02T08:21:08+0000,0,0,연합뉴스,"슈주 김희철·트와이스 모모, 열애 인정… 13살차이 한일 커플",kwj9****
요즘은 나이차 연애가 대세인가보네 ㅋㅋㅋ,2020-01-02T08:20:53+0000,0,0,연합뉴스,"슈주 김희철·트와이스 모모, 열애 인정… 13살차이 한일 커플",vibe****
질사겨라 ~~~,2020-01-02T08:19:05+0000,0,0,연합뉴스,"슈주 김희철·트와이스 모모, 열애 인정… 13살차이 한일 커플",best****
희철이형 부럽당tt,2020-01-02T08:18:39+0000,0,0,연합뉴스,"슈주 김희철·트와이스 모모, 열애 인정… 13살차이 한일 커플",hotp****
모모가왜..?,2020-01-02T08:18:01+0000,0,0,연합뉴스,"슈주 김희철·트와이스 모모, 열애 인정… 13살차이 한일 커플",high****
사귈수도 있지.축하해요~~~,2020-01-02T01:52:58+0000,0,1,연합뉴스,"슈주 김희철·트와이스 모모, 열애 인정… 13살차이 한일 커플",eun0****
아 정말 부럽당,2020-01-02T01:49:01+0000,0,1,연합뉴스,"슈주 김희철·트와이스 모모, 열애 인정… 13살차이 한일 커플",iang****
다문화연애도 좋지! 이쁜연애하세요,2020-01-02T01:30:51+0000,0,1,연합뉴스,"슈주 김희철·트와이스 모모, 열애 인정… 13살차이 한일 커플",star****
기모찌 들으먼서 싸겻네,2020-01-02T01:01:43+0000,19,19,연합뉴스,"슈주 김희철·트와이스 모모, 열애 인정… 13살차이 한일 커플",oooy****
"좋은 본보기가되어 한일남여커플이 많이 생겨났으면 합니다~ㅎ 고고하고 특별하신 한국여성님들은 한남춘 엿같아서 혼자들 비혼으로 살겠다는 분들이 늘고 있는데, 한국남자들은 해외로 눈을 돌리는 게 맞고, 이웃나라일본이 일분여자들과 궁합이 좋을듯하네요ㅎ 열심히 일하며 가정생각하며 책임감있는 한국남성/ 그런 남편을 존중해줄 줄 알며 밝은 표정으로 반겨주는 일본여성. 서로가 서로에게 플러스가되는 시너지효과를 내는 조합이라고 생각합니다ㅎ",2020-01-02T02:36:56+0000,9,9,연합뉴스,"슈주 김희철·트와이스 모모, 열애 인정… 13살차이 한일 커플",ddse****
대 깨문 달창들 희처리 친일 왜구 일베라고 거품 물겐네 ㅋㅋㅋㅋㅋㅋㅋㅋㅋㅋㅋㅋㅋㅋ,2020-01-02T02:38:42+0000,8,8,연합뉴스,"슈주 김희철·트와이스 모모, 열애 인정… 13살차이 한일 커플",bbag****
무적권 김치녀들은 걸러야된다! 개념있는 스시녀 강추!!,2020-01-02T01:02:23+0000,7,7,연합뉴스,"슈주 김희철·트와이스 모모, 열애 인정… 13살차이 한일 커플",kimm****
희철이 결혼 할 마음 없나보다^^  기모찌~ 기모찌~ 부럽다. ㅠㅠ,2020-01-02T01:09:37+0000,4,4,연합뉴스,"슈주 김희철·트와이스 모모, 열애 인정… 13살차이 한일 커플",skyb****
토착왜구 문재앙 탄핵,2020-01-02T05:48:38+0000,3,3,연합뉴스,"슈주 김희철·트와이스 모모, 열애 인정… 13살차이 한일 커플",ysk3****
진심 축하요 ㅎㅎ 이쁘게 한일관계 도음되며 사세요♥,2020-01-02T05:14:06+0000,0,1,연합뉴스,"슈주 김희철·트와이스 모모, 열애 인정… 13살차이 한일 커플",cale****
사진제목 귀여운 앞머리 ㅋㅋㅋ,2020-01-02T05:07:57+0000,0,1,연합뉴스,"슈주 김희철·트와이스 모모, 열애 인정… 13살차이 한일 커플",ljy2****
예상했었기 때문일까? 디스패치! 요번엔 좀 약해~~~ㅋㅋ,2020-01-02T04:59:48+0000,0,1,연합뉴스,"슈주 김희철·트와이스 모모, 열애 인정… 13살차이 한일 커플",daun****
주례는 케인이 해줘야지,2020-01-02T04:30:28+0000,0,1,연합뉴스,"슈주 김희철·트와이스 모모, 열애 인정… 13살차이 한일 커플",nara****
모모는 무지개,2020-01-02T04:22:38+0000,0,1,연합뉴스,"슈주 김희철·트와이스 모모, 열애 인정… 13살차이 한일 커플",hooa****
김희철 연애설 처음보는듯,2020-01-02T04:17:18+0000,0,1,연합뉴스,"슈주 김희철·트와이스 모모, 열애 인정… 13살차이 한일 커플",qkrw****
희철이 게이 아니였구나 다행이다 응원한다 좋은만남가지길,2020-01-02T04:05:24+0000,0,1,연합뉴스,"슈주 김희철·트와이스 모모, 열애 인정… 13살차이 한일 커플",kore****
예쁜만남 가지세요~~,2020-01-02T04:03:49+0000,0,1,연합뉴스,"슈주 김희철·트와이스 모모, 열애 인정… 13살차이 한일 커플",boy2****
부러우면 지는것인디 어짜든 행복하시오,2020-01-02T03:59:51+0000,0,1,연합뉴스,"슈주 김희철·트와이스 모모, 열애 인정… 13살차이 한일 커플",pk12****
이 두사람은 진짜 끝까지 가길,2020-01-02T03:51:20+0000,0,1,연합뉴스,"슈주 김희철·트와이스 모모, 열애 인정… 13살차이 한일 커플",a200****
사나였음 난리났다...,2020-01-02T07:58:18+0000,0,1,연합뉴스,"슈주 김희철·트와이스 모모, 열애 인정… 13살차이 한일 커플",wlal****
그나마 네이버 댓글은 일본극우 사이트 댓글에 비하면 귀여운 수준임 ㅋㅋㅋㅋㅋ,2020-01-02T07:58:06+0000,0,1,연합뉴스,"슈주 김희철·트와이스 모모, 열애 인정… 13살차이 한일 커플",ysk3****
불매운동 ㅠㅠ,2020-01-02T07:39:07+0000,0,1,연합뉴스,"슈주 김희철·트와이스 모모, 열애 인정… 13살차이 한일 커플",kdn1****
ㅊㅅㄷ: 오빠.. 정말 실망했어요...,2020-01-02T07:37:46+0000,0,1,연합뉴스,"슈주 김희철·트와이스 모모, 열애 인정… 13살차이 한일 커플",kaos****
그래..기자놈들 징징글글허다...,2020-01-02T07:24:57+0000,0,1,연합뉴스,"슈주 김희철·트와이스 모모, 열애 인정… 13살차이 한일 커플",jean****
어쩐지 우주겁쟁이 나비잠 뮤비에 모모가 출연하드라..ㅎ 모모 악플달릴까 걱정되네..,2020-01-02T07:20:48+0000,0,1,연합뉴스,"슈주 김희철·트와이스 모모, 열애 인정… 13살차이 한일 커플",cris****
뭔 결혼도 아니고 사귀는 게  뉴스냐  식상하다  헤어질  때 또 뉴스겠네,2020-01-02T07:17:32+0000,0,1,연합뉴스,"슈주 김희철·트와이스 모모, 열애 인정… 13살차이 한일 커플",lcr1****
트와이스 아웃.ㅎ,2020-01-02T07:01:36+0000,0,1,연합뉴스,"슈주 김희철·트와이스 모모, 열애 인정… 13살차이 한일 커플",kbj8****
김희철 얼굴은 불가능이니 돈이라도 열심히 벌어야겠다 ㅠㅅㅠ,2020-01-02T06:49:37+0000,0,1,연합뉴스,"슈주 김희철·트와이스 모모, 열애 인정… 13살차이 한일 커플",blue****
그냥 축하해주면 되지 댓글들 왜이럴까 대체,2020-01-02T06:41:55+0000,0,1,연합뉴스,"슈주 김희철·트와이스 모모, 열애 인정… 13살차이 한일 커플",11db****
일본 좋아하더니 드디어 모모랑 사귐~~~,2020-01-02T06:20:28+0000,0,1,연합뉴스,"슈주 김희철·트와이스 모모, 열애 인정… 13살차이 한일 커플",infa****
부럽다 일본 여자..,2020-01-02T08:55:19+0000,0,0,연합뉴스,"슈주 김희철·트와이스 모모, 열애 인정… 13살차이 한일 커플",flym****
잘만나서 이쁘게 사시길~,2020-01-02T08:54:41+0000,0,0,연합뉴스,"슈주 김희철·트와이스 모모, 열애 인정… 13살차이 한일 커플",shea****
한녀들 분노의 쿵쾅중,2020-01-02T08:54:05+0000,0,0,연합뉴스,"슈주 김희철·트와이스 모모, 열애 인정… 13살차이 한일 커플",nomo****
좋겠다...일본여자가   남편에게는 공손하고  잘 해준다는데...,2020-01-02T08:53:11+0000,0,0,연합뉴스,"슈주 김희철·트와이스 모모, 열애 인정… 13살차이 한일 커플",swdo****
짭밥이 얼만데 응원한다 주제도 모르고 설치는 인간은 반성해,2020-01-02T08:52:36+0000,0,0,연합뉴스,"슈주 김희철·트와이스 모모, 열애 인정… 13살차이 한일 커플",riri****
자동차는 일본산이면 안되고 여자는 일본산이어도 상관없는거냐? 왜 사람들 잣대가 왜이렇게 기준이 없냐? 누구는 토착왜구라고 까고 누구는 잘했다고 빨고? 이 새끼들아 일본여자만 한국녀보다 좋냐? 일본차도 한국차보다 좋아? 왜 편견을 가지고 반일한다고 착각하냐? 앞으로 너희 새끼들은 반일에 반자도 꺼내지마라 어휴 생각없는 문슬람 새끼들,2020-01-02T08:52:30+0000,0,0,연합뉴스,"슈주 김희철·트와이스 모모, 열애 인정… 13살차이 한일 커플",2_9_****
이시국밥충 입니다 지나갈게요,2020-01-02T08:52:24+0000,0,0,연합뉴스,"슈주 김희철·트와이스 모모, 열애 인정… 13살차이 한일 커플",duds****
칫   모모   아쁘니까   사귀고   너두    똑같네    주이는   떡밥이냐??,2020-01-02T08:52:23+0000,0,0,연합뉴스,"슈주 김희철·트와이스 모모, 열애 인정… 13살차이 한일 커플",lllc****
대선배 조성모에 개기지 말라 김희첡,2020-01-02T08:51:22+0000,0,0,연합뉴스,"슈주 김희철·트와이스 모모, 열애 인정… 13살차이 한일 커플",geni****
암표로 혼내줘라,2020-01-02T06:39:43+0000,0,0,연합뉴스,"슈주 김희철·트와이스 모모, 열애 인정… 13살차이 한일 커플",tyte****
토착 왜구랑께     적폐랑께  공산주의 이니수엘라  갑시다,2020-01-02T02:07:17+0000,0,2,연합뉴스,"슈주 김희철·트와이스 모모, 열애 인정… 13살차이 한일 커플",thri****
"일본여자 현명하지. 한국여자처럼 억지나 고집 쳐 부리는것도 없고, 허세에 빠진 한국 에미나이들이랑은 다르지",2020-01-02T05:58:52+0000,6,7,연합뉴스,"슈주 김희철·트와이스 모모, 열애 인정… 13살차이 한일 커플",kdh0****
희철아 너도 못생겼는데   일본 원숭이랑  결혼하면  2세는  생각 안하냐  걱정이다,2020-01-02T08:01:52+0000,3,4,연합뉴스,"슈주 김희철·트와이스 모모, 열애 인정… 13살차이 한일 커플",lcr1****
한국년보다 일본애들이 훨 낫지,2020-01-02T07:49:33+0000,3,4,연합뉴스,"슈주 김희철·트와이스 모모, 열애 인정… 13살차이 한일 커플",frea****
드센 한녀들 동남아 아프리카로 수출하고  일녀들 적극수입해야,2020-01-02T06:23:25+0000,2,3,연합뉴스,"슈주 김희철·트와이스 모모, 열애 인정… 13살차이 한일 커플",kdh0****
일본 여성 특유의 전통적인 성품은 유명하다고 합니다.,2020-01-02T06:02:58+0000,2,3,연합뉴스,"슈주 김희철·트와이스 모모, 열애 인정… 13살차이 한일 커플",kjle****
일본 불매인데 희철이 백만 안티 결성중,2020-01-02T04:49:57+0000,2,3,연합뉴스,"슈주 김희철·트와이스 모모, 열애 인정… 13살차이 한일 커플",east****
희철군은 황보 느낌을 좋아하는듯,2020-01-02T02:35:29+0000,2,3,연합뉴스,"슈주 김희철·트와이스 모모, 열애 인정… 13살차이 한일 커플",dora****
잘어울린다   한일관계 정상화에  기여해봐,2020-01-02T01:36:31+0000,2,3,연합뉴스,"슈주 김희철·트와이스 모모, 열애 인정… 13살차이 한일 커플",kdc2****
"집에서 게임하고 밥쳐먹는 꼬라지 보고 놀랬는데... 손 많이가는 사람이나, 주변에 의지하는 사람과 함께하는 건 미친짓이다. 지금은 돈으로 그런 걸 커버할 수 있겠지만, 주변에서 보는 것만으로 눈살 찌푸려지는 행동이긴 하니, 곁에 있는 사람에게 지속적인 사랑은 받기 힘들다.",2020-01-02T08:06:51+0000,1,2,연합뉴스,"슈주 김희철·트와이스 모모, 열애 인정… 13살차이 한일 커플",rhkd****
외국인인데다가 어리니까 뭘 몰라서 사귀는거겠지.,2020-01-02T03:41:04+0000,1,3,연합뉴스,"슈주 김희철·트와이스 모모, 열애 인정… 13살차이 한일 커플",wile****
솔직히 메갈 김치들보다 일녀들이 쌔끈하고 더 귀엽지,2020-01-02T03:24:58+0000,1,3,연합뉴스,"슈주 김희철·트와이스 모모, 열애 인정… 13살차이 한일 커플",osh9****
이런기사 올리지 마라 별관심 없다,2020-01-02T02:29:42+0000,1,3,연합뉴스,"슈주 김희철·트와이스 모모, 열애 인정… 13살차이 한일 커플",baro****
아니라고 할때는 언제고 이제와서 인정이냐!,2020-01-02T01:22:41+0000,1,3,연합뉴스,"슈주 김희철·트와이스 모모, 열애 인정… 13살차이 한일 커플",hami****
황보랑 사귀노,2020-01-02T08:37:29+0000,0,2,연합뉴스,"슈주 김희철·트와이스 모모, 열애 인정… 13살차이 한일 커플",d539****
하필 일본ㄴ ㅛㄴ,2020-01-02T07:49:19+0000,0,2,연합뉴스,"슈주 김희철·트와이스 모모, 열애 인정… 13살차이 한일 커플",syb1****
모르는게 이상하지않냐 다들 알고있었잖아,2020-01-02T07:16:14+0000,0,2,연합뉴스,"슈주 김희철·트와이스 모모, 열애 인정… 13살차이 한일 커플",melo****
모모야 원스는 항상 너희 인생 항상 응원해!!! 나도 행복하게 살고 너도 행복하게 살아!!,2020-01-02T06:46:08+0000,0,2,연합뉴스,"슈주 김희철·트와이스 모모, 열애 인정… 13살차이 한일 커플",smho****
능력있으면 일녀로 가네,2020-01-02T06:35:15+0000,0,2,연합뉴스,"슈주 김희철·트와이스 모모, 열애 인정… 13살차이 한일 커플",lpom****
한녀 말고 스시녀 합시다,2020-01-02T06:35:01+0000,0,2,연합뉴스,"슈주 김희철·트와이스 모모, 열애 인정… 13살차이 한일 커플",dkwj****
와 김희철 절라 부럽네,2020-01-02T01:49:04+0000,0,4,연합뉴스,"슈주 김희철·트와이스 모모, 열애 인정… 13살차이 한일 커플",figo****
사나는 아니어서 감사합니다.,2020-01-02T01:32:34+0000,0,4,연합뉴스,"슈주 김희철·트와이스 모모, 열애 인정… 13살차이 한일 커플",yons****
희철이형 부러웡.... 일본여자라니 ㅠㅠ,2020-01-02T01:19:07+0000,9,12,연합뉴스,"슈주 김희철·트와이스 모모, 열애 인정… 13살차이 한일 커플",ekst****
일본싫다.,2020-01-02T08:07:41+0000,4,7,연합뉴스,"슈주 김희철·트와이스 모모, 열애 인정… 13살차이 한일 커플",sos7****
역시 갓본여자들이최고지... 한국여자들은 돈빼먹으려하지 성질드럽지 페미아니면 김치가 대부분이라 노답임,2020-01-02T07:06:30+0000,4,7,연합뉴스,"슈주 김희철·트와이스 모모, 열애 인정… 13살차이 한일 커플",ghrb****
이시국에 ㅋㅋㅋㅋ,2020-01-02T07:49:44+0000,2,5,연합뉴스,"슈주 김희철·트와이스 모모, 열애 인정… 13살차이 한일 커플",nude****
불매운동 안했나?,2020-01-02T07:44:42+0000,1,4,연합뉴스,"슈주 김희철·트와이스 모모, 열애 인정… 13살차이 한일 커플",ch88****
와 기무찌가 현실로 ..,2020-01-02T01:07:46+0000,1,4,연합뉴스,"슈주 김희철·트와이스 모모, 열애 인정… 13살차이 한일 커플",ryup****
성공한 덕후,2020-01-02T00:38:08+0000,1,4,연합뉴스,"슈주 김희철·트와이스 모모, 열애 인정… 13살차이 한일 커플",whda****
갑자기 싫어지네 일본이라이 이 시국에,2020-01-02T07:50:54+0000,0,3,연합뉴스,"슈주 김희철·트와이스 모모, 열애 인정… 13살차이 한일 커플",feel****
한녀 안 만나고 일녀 만나다니 현명한 선택,2020-01-02T04:03:01+0000,2,13,연합뉴스,"슈주 김희철·트와이스 모모, 열애 인정… 13살차이 한일 커플",evol****
이런 것이 대문짝만한 뉴스라니 참 나....,2020-01-02T00:10:35+0000,12,19,연합뉴스,"슈주 김희철·트와이스 모모, 열애 인정… 13살차이 한일 커플",kimy****
한녀들은 드세고 돈욕심만,2020-01-02T06:14:32+0000,2,9,연합뉴스,"슈주 김희철·트와이스 모모, 열애 인정… 13살차이 한일 커플",kdh0****
"에휴!!  개인사 ,연애를 하던말던   미국뉴욕 타임스퀘어에서 BTS공연 난리 났다던데 기사가 하나도 없네. 그런 글로벌한 기사 좀 올려라.",2020-01-02T02:29:11+0000,1,8,연합뉴스,"슈주 김희철·트와이스 모모, 열애 인정… 13살차이 한일 커플",jhr5****
선남선녀네요 이쁜사랑하세요~,2020-01-02T02:09:08+0000,0,7,연합뉴스,"슈주 김희철·트와이스 모모, 열애 인정… 13살차이 한일 커플",wush****
김용호 기자가 기사 터진다더니 이거였네. 다행이다..난또 큰일이라도 난줄...,2020-01-02T01:54:09+0000,0,7,연합뉴스,"슈주 김희철·트와이스 모모, 열애 인정… 13살차이 한일 커플",eun0****
희철형 현명한 선택햇어요 페미니즘95%지지하고 절대반페미니즘시위는안하고 군인을 조롱하는 여대생보단 가정적이고 남성을 존중할줄알고 고마움을아는 일본여성외국여성이 1000배는 낮죠 이쁜사랑하세요👍♥💑,2020-01-02T01:53:03+0000,37,43,연합뉴스,"슈주 김희철·트와이스 모모, 열애 인정… 13살차이 한일 커플",kari****
김치녀 만날바에 스시녀가 최고지 ㅋㅋ 희철이 사람 볼 줄 아네,2020-01-02T03:02:09+0000,5,11,연합뉴스,"슈주 김희철·트와이스 모모, 열애 인정… 13살차이 한일 커플",karn****
니네 노 재팬 한다고 하지 않았냐 ㅋㅋㅋㅋㅋ 어디 안가네,2020-01-02T05:48:02+0000,0,6,연합뉴스,"슈주 김희철·트와이스 모모, 열애 인정… 13살차이 한일 커플",dndu****
희철아 결혼해서 빨리 귀회시켜라 그럼 용서한다,2020-01-02T02:15:02+0000,4,9,연합뉴스,"슈주 김희철·트와이스 모모, 열애 인정… 13살차이 한일 커플",zeph****
행복하새요오오~~~,2020-01-01T23:52:06+0000,42,1016,연합뉴스,"슈주 김희철·트와이스 모모, 열애 인정… 13살차이 한일 커플",rlae****
이제 대세는 한남X일녀 조합인듯,2020-01-02T00:59:19+0000,400,1288,연합뉴스,"슈주 김희철·트와이스 모모, 열애 인정… 13살차이 한일 커플",rdw6****
그래도 장기하보단 충격이 덜하네.,2020-01-02T00:14:24+0000,46,441,연합뉴스,"슈주 김희철·트와이스 모모, 열애 인정… 13살차이 한일 커플",pera****
와 축하드립니다! 예쁜 사랑하세요~,2020-01-02T00:32:46+0000,29,192,연합뉴스,"슈주 김희철·트와이스 모모, 열애 인정… 13살차이 한일 커플",jing****
저번에 아니라며!!!...모모 팬인  친구가 울겠군..,2020-01-01T23:52:47+0000,14,173,연합뉴스,"슈주 김희철·트와이스 모모, 열애 인정… 13살차이 한일 커플",indo****
이시국 드립 좀 작작 해라 ㅋㅋㅋㅋ 일본인이 와서 공손하게 길물어보면 이시국이라 안됩니다 이 ㅈㄹ할거냐? ㅋㅋㅋㅋㅋㅋ,2020-01-02T02:47:05+0000,12,129,연합뉴스,"슈주 김희철·트와이스 모모, 열애 인정… 13살차이 한일 커플",jkw1****
근데 김희철이 더이쁨,2020-01-02T01:01:09+0000,44,110,연합뉴스,"슈주 김희철·트와이스 모모, 열애 인정… 13살차이 한일 커플",zz57****
댓글창 없애라 그냥 제발 좀 ㅜㅜ 댓글들 수준봐라 답없음,2020-01-02T00:52:11+0000,5,67,연합뉴스,"슈주 김희철·트와이스 모모, 열애 인정… 13살차이 한일 커플",lee_****
김희철 외모니까 가능한거다. 나이가 전혀 그 나이대로 안 보일만큼 동안이잖아. 일반인은 그런 외모가 되는 남자가 거의 없기 때문에 잘 없는거야. 나이 차이 많이 나는 여자랑 엮일려면 자기 외모부터 객관적으로 돌아봐야지 지들이 여자 외모 평가하고 있을 시간에. 상대방도 다 눈이 있고 생각이 있거든. 외모가 좀 떨어지면 재력이라도 있던가. 이도저도 아니니 자칫하면 스토커로 오해받지.,2020-01-02T04:30:27+0000,7,65,연합뉴스,"슈주 김희철·트와이스 모모, 열애 인정… 13살차이 한일 커플",elab****
축하해~~~!,2020-01-02T03:47:23+0000,0,1,연합뉴스,"슈주 김희철·트와이스 모모, 열애 인정… 13살차이 한일 커플",jsh1****
너무 잘 어울려요 ㅠㅠ,2020-01-02T03:46:42+0000,0,1,연합뉴스,"슈주 김희철·트와이스 모모, 열애 인정… 13살차이 한일 커플",drea****
잘 어울리네 공개연애 힘들텐데 잘 들 지내소,2020-01-02T03:46:38+0000,0,1,연합뉴스,"슈주 김희철·트와이스 모모, 열애 인정… 13살차이 한일 커플",gadi****
김희철 너무 부럽다 앞으로도 좋은 모습 보여주시길,2020-01-02T03:43:49+0000,0,1,연합뉴스,"슈주 김희철·트와이스 모모, 열애 인정… 13살차이 한일 커플",rudg****
ㅈ 같은 댓글 무시하세요  행복하시길 바랍니다~!,2020-01-02T03:36:37+0000,0,1,연합뉴스,"슈주 김희철·트와이스 모모, 열애 인정… 13살차이 한일 커플",wyzz****
결혼까지 성공하면 베스트. 일본녀랑 결혼 성공하면 이미 인생은 성공.,2020-01-02T03:26:17+0000,0,1,연합뉴스,"슈주 김희철·트와이스 모모, 열애 인정… 13살차이 한일 커플",emil****
이시국에 드립치는 인간 또 잇것지.,2020-01-02T03:24:33+0000,0,1,연합뉴스,"슈주 김희철·트와이스 모모, 열애 인정… 13살차이 한일 커플",zerg****
결혼도 아니고 혼자사는데  하차까지 해야되니.. 좀 냅두라,2020-01-02T03:22:11+0000,0,1,연합뉴스,"슈주 김희철·트와이스 모모, 열애 인정… 13살차이 한일 커플",food****
메투 ㅔ지  페뮈들   부들부들  자격지심 열등감 폭발~,2020-01-02T03:09:57+0000,0,1,연합뉴스,"슈주 김희철·트와이스 모모, 열애 인정… 13살차이 한일 커플",dhtj****
질투폭팔 쪽바리드립 난리네~ 이야 능력좋구마~,2020-01-02T03:06:55+0000,0,1,연합뉴스,"슈주 김희철·트와이스 모모, 열애 인정… 13살차이 한일 커플",sink****
우리 희철이형은 안 된다!!,2020-01-02T06:10:14+0000,0,1,연합뉴스,"슈주 김희철·트와이스 모모, 열애 인정… 13살차이 한일 커플",no_b****
서로 좋아하면 된거라고 생각해요~~ 2020년도 좋은 소식들려줘서 고마워요~~ 그리고 연애 인정하시기 힘드셨을거 같은데 이렇게 공개해줘서 고마워요~~ 서로 의지하며 2020년도 행복한 연애하시길 바래요~~,2020-01-02T05:55:49+0000,0,1,연합뉴스,"슈주 김희철·트와이스 모모, 열애 인정… 13살차이 한일 커플",kwon****
게이설 탈출이네,2020-01-02T05:52:28+0000,0,1,연합뉴스,"슈주 김희철·트와이스 모모, 열애 인정… 13살차이 한일 커플",wkdw****
기모띠 듣고싶어서 만나누,2020-01-02T05:48:05+0000,0,1,연합뉴스,"슈주 김희철·트와이스 모모, 열애 인정… 13살차이 한일 커플",kwak****
남자 댓글 비율 ㅋㅋㅋ 둘~잘 어울려요~^^  김희철 화이팅~^^,2020-01-02T05:46:55+0000,0,1,연합뉴스,"슈주 김희철·트와이스 모모, 열애 인정… 13살차이 한일 커플",bgit****
축하합니다. 잘 어울려요.,2020-01-02T05:46:07+0000,0,1,연합뉴스,"슈주 김희철·트와이스 모모, 열애 인정… 13살차이 한일 커플",teng****
김희철이면 왠만한 20대남자보다 잘생겼지,2020-01-02T05:37:07+0000,0,1,연합뉴스,"슈주 김희철·트와이스 모모, 열애 인정… 13살차이 한일 커플",ding****
희철이 조용하이 대박터트리네,2020-01-02T05:22:34+0000,0,1,연합뉴스,"슈주 김희철·트와이스 모모, 열애 인정… 13살차이 한일 커플",kyd9****
부러우면 지는것 축하해주자.,2020-01-02T05:15:14+0000,0,1,연합뉴스,"슈주 김희철·트와이스 모모, 열애 인정… 13살차이 한일 커플",qkfk****
괜찮아 아직 사나 미나 쯔위가 남았어 ㅜㅜ,2020-01-02T08:48:40+0000,0,0,연합뉴스,"슈주 김희철·트와이스 모모, 열애 인정… 13살차이 한일 커플",mcth****
암 김치꼴페미 한녀들 보단 났지  축하해,2020-01-02T06:08:08+0000,1,2,연합뉴스,"슈주 김희철·트와이스 모모, 열애 인정… 13살차이 한일 커플",ppki****
한녀 패스 잘했어요 짝짝짝,2020-01-02T06:03:54+0000,1,2,연합뉴스,"슈주 김희철·트와이스 모모, 열애 인정… 13살차이 한일 커플",dj_k****
개념있는 스시녀에 어리고 이쁘기까지 진정한 승리자다 굿,2020-01-02T05:11:14+0000,1,2,연합뉴스,"슈주 김희철·트와이스 모모, 열애 인정… 13살차이 한일 커플",duu7****
한국남자들 김희철빙의햇네 ㅋㅋㅋ 니들은안되 거울보셈  일본녀한테 빠진애들거의 대부분이 한녀들이 상대안해주는 십덕후ㅋㅋㅋ나 멸치잖냐 반대로 양남한테빠진 한녀들역시 한남이 상대안해주는 십덕후들 ㅋㅋㅋ 불쌍하다,2020-01-02T05:02:44+0000,1,2,연합뉴스,"슈주 김희철·트와이스 모모, 열애 인정… 13살차이 한일 커플",ktl2****
했네.했어,2020-01-02T01:42:24+0000,1,2,연합뉴스,"슈주 김희철·트와이스 모모, 열애 인정… 13살차이 한일 커플",hand****
가와이~ 기모찌~ 스고이~ 간빠레 데쓰요~ 신부화장은 어느쪽이 하는 거야~,2020-01-02T01:06:28+0000,1,2,연합뉴스,"슈주 김희철·트와이스 모모, 열애 인정… 13살차이 한일 커플",tow2****
두분 이쁜사랑 하시고 좋은소식만 기다릴께요~~,2020-01-02T08:27:58+0000,0,1,연합뉴스,"슈주 김희철·트와이스 모모, 열애 인정… 13살차이 한일 커플",xogk****
시국 타령은 또 뭐긔?  이쁘긴 하자너..,2020-01-02T08:22:35+0000,0,1,연합뉴스,"슈주 김희철·트와이스 모모, 열애 인정… 13살차이 한일 커플",stav****
김희철이 더 나은데 ㅋㅋ 모모팬 많군,2020-01-02T08:18:42+0000,0,1,연합뉴스,"슈주 김희철·트와이스 모모, 열애 인정… 13살차이 한일 커플",cera****
쪽바리  데스네?,2020-01-02T08:01:39+0000,0,1,연합뉴스,"슈주 김희철·트와이스 모모, 열애 인정… 13살차이 한일 커플",chlt****
게이인줄 알았는데..,2020-01-02T06:27:21+0000,0,2,연합뉴스,"슈주 김희철·트와이스 모모, 열애 인정… 13살차이 한일 커플",topm****
희철이 경훈이 버리고 모모를 선택했네 이시국에ㅋㅋㅋㅋ,2020-01-02T05:34:01+0000,0,2,연합뉴스,"슈주 김희철·트와이스 모모, 열애 인정… 13살차이 한일 커플",sung****
축하드립니다,2020-01-02T04:08:43+0000,0,2,연합뉴스,"슈주 김희철·트와이스 모모, 열애 인정… 13살차이 한일 커플",suny****
우주대스타 김희철이면 어쩔수없지,2020-01-02T03:43:04+0000,0,2,연합뉴스,"슈주 김희철·트와이스 모모, 열애 인정… 13살차이 한일 커플",dazz****
모모 태어났을때 김희철 중2,2020-01-02T03:42:52+0000,0,2,연합뉴스,"슈주 김희철·트와이스 모모, 열애 인정… 13살차이 한일 커플",sung****
오호~아는형님 에서 모모랑 희철이가 뭔가 꽁냥꽁냥 하는거 같더니 진짜 사귀시네여~~ 이쁜사랑하쎄여~~!?,2020-01-02T03:42:27+0000,0,2,연합뉴스,"슈주 김희철·트와이스 모모, 열애 인정… 13살차이 한일 커플",fgyf****
댓글 엉망진창이네.... 대부분 30대남자들... 뭐하는짓이냐 댓창 수준 ㅠ 나이먹고... 좋은사랑하라고 말해주면 될것을,2020-01-02T03:23:43+0000,0,2,연합뉴스,"슈주 김희철·트와이스 모모, 열애 인정… 13살차이 한일 커플",jyto****
인간들 언제는 스시녀타령 징하더니 이럴때는 불매냐 김치녀보다는 스시녀라고 발광하더니 애국 많이 해라ㅋ,2020-01-02T03:08:28+0000,0,2,연합뉴스,"슈주 김희철·트와이스 모모, 열애 인정… 13살차이 한일 커플",sink****
희철이도 친일로 낙인 찍히는 거 아니당가?,2020-01-02T02:56:38+0000,0,2,연합뉴스,"슈주 김희철·트와이스 모모, 열애 인정… 13살차이 한일 커플",ksk9****
저렇게 남자들은 37세에도 가능하지만 여자는 탄력없이 처져버린 유방에다 누군가의 물건이 수백번 들락날락한 그곳. 거기에다 다운증후군의 확률까지 있기 때문에 30넘으면 적절히 걸러야한다.,2020-01-02T06:47:14+0000,10,4,연합뉴스,"슈주 김희철·트와이스 모모, 열애 인정… 13살차이 한일 커플",tulj****
왜놈여자랑 피를 섞는놈들은 죄다 친일파로 지정해서 친일재산환수 명단에 포함시키도록해야됨^^,2020-01-02T01:47:11+0000,6,0,연합뉴스,"슈주 김희철·트와이스 모모, 열애 인정… 13살차이 한일 커플",rmfp****
96년생 쪽바리랑 과연결혼할까??걍 호기심에 사귀는듯하다..얼른 각자갈길가라!!!,2020-01-02T01:35:08+0000,6,0,연합뉴스,"슈주 김희철·트와이스 모모, 열애 인정… 13살차이 한일 커플",kw40****
지금 불매운동중인데 일본인이라니 ㅡㅡ,2020-01-02T00:29:19+0000,8,1,연합뉴스,"슈주 김희철·트와이스 모모, 열애 인정… 13살차이 한일 커플",wngu****
공고 나와서 머리 텅텅 빈 사람을 왜 좋아하는지..,2020-01-02T00:09:54+0000,15,0,연합뉴스,"슈주 김희철·트와이스 모모, 열애 인정… 13살차이 한일 커플",1004****
트와이스는 남자없인 못사나보네,2020-01-02T08:25:34+0000,3,0,연합뉴스,"슈주 김희철·트와이스 모모, 열애 인정… 13살차이 한일 커플",happ****
죄송할 짓을 왜 하냐..ㅋㅋ,2020-01-02T08:24:07+0000,3,0,연합뉴스,"슈주 김희철·트와이스 모모, 열애 인정… 13살차이 한일 커플",olyo****
??? : 조센징노와 냄비근성 데스네!!! 깔깔깔깔깔 조센징은 니뽕을 아이시떼루요. 낄낄낄낄낄낄낄 조센징노와 자존심 없다 데스. 꼴꼴꼴꼴꼴꼴꼴 니뽕은 조센징의 정신적지주 데스요!!!  하하하하하 불매운동은 희철이가 화장시켜서 현충원에 묻어버렸누 ㅜㅜ,2020-01-02T06:44:48+0000,3,0,연합뉴스,"슈주 김희철·트와이스 모모, 열애 인정… 13살차이 한일 커플",mbck****
이시국에 일본?,2020-01-02T05:48:55+0000,3,0,연합뉴스,"슈주 김희철·트와이스 모모, 열애 인정… 13살차이 한일 커플",gkrw****
NO JAPAN 보지도 않습니다.  자지도 않습니다.,2020-01-02T05:21:18+0000,3,0,연합뉴스,"슈주 김희철·트와이스 모모, 열애 인정… 13살차이 한일 커플",kkhk****
한녀가 스시녀보다 나은게 한가지라도 있냐?,2020-01-02T05:06:11+0000,3,0,연합뉴스,"슈주 김희철·트와이스 모모, 열애 인정… 13살차이 한일 커플",essa****
스시녀가 최고지.,2020-01-02T03:16:33+0000,3,0,연합뉴스,"슈주 김희철·트와이스 모모, 열애 인정… 13살차이 한일 커플",mins****
어떤새끼가 인정이라냐ㅋㅋㅋㅋㅋㅋ  어그로끌지마라ㅋㅋㅋㅋㅋ,2020-01-01T23:52:54+0000,3,0,연합뉴스,"슈주 김희철·트와이스 모모, 열애 인정… 13살차이 한일 커플",kang****
일본뇬이랑 사귀다니...친일 매국노새기구나,2020-01-02T01:30:53+0000,9,5,연합뉴스,"슈주 김희철·트와이스 모모, 열애 인정… 13살차이 한일 커플",jscr****
이시국에 일본여자를 만나냐 ㅉㅉ 토착왜구임?,2020-01-02T00:40:00+0000,9,5,연합뉴스,"슈주 김희철·트와이스 모모, 열애 인정… 13살차이 한일 커플",jmkb****
김치녀들 제일 싫어하는 조합이네 14살연하에다 스시녀..니들은 글렀다는 말이다 김희철이 한녀랑 연예안한거보니 현명하네..누구처럼 연상한녀랑 결혼하다 인생조진연예인보다,2020-01-02T07:33:46+0000,0,3,연합뉴스,"슈주 김희철·트와이스 모모, 열애 인정… 13살차이 한일 커플",zipp****
일본 불매운동중 아니냐,2020-01-02T07:21:44+0000,0,3,연합뉴스,"슈주 김희철·트와이스 모모, 열애 인정… 13살차이 한일 커플",prog****
평소 좌좀 짓거리 하더니ㅋ 친일파였네ㅋ,2020-01-02T07:16:11+0000,0,3,연합뉴스,"슈주 김희철·트와이스 모모, 열애 인정… 13살차이 한일 커플",cree****
"댓글봐라, 니들 앞가림들이나 잘해라. 남 연애사에 감나라 배나라 하지말고.",2020-01-02T05:31:44+0000,0,3,연합뉴스,"슈주 김희철·트와이스 모모, 열애 인정… 13살차이 한일 커플",niov****
잘 사겨용 ❤️❤️,2020-01-02T04:07:05+0000,0,3,연합뉴스,"슈주 김희철·트와이스 모모, 열애 인정… 13살차이 한일 커플",cotj****
사랑을 하면 주변이 꽃밭이라고 하잖아요. 진흙탕에 가시밭길이여도 꽃밭으로 느껴질만큼 한 사람과 행복해야해서 그런 말이 나온거 아닐까 생각해요. 주변 신경쓰지말고 둘이 예쁜사랑 키워갔으면 좋겠어요. 응원해요!,2020-01-02T00:36:52+0000,3,5,연합뉴스,"슈주 김희철·트와이스 모모, 열애 인정… 13살차이 한일 커플",dms6****
이시국에 일본인이랑?,2020-01-02T08:15:29+0000,2,4,연합뉴스,"슈주 김희철·트와이스 모모, 열애 인정… 13살차이 한일 커플",spdl****
꺼져!!쪽 바 리 들아!!🖕☺️🖕,2020-01-02T08:01:45+0000,2,4,연합뉴스,"슈주 김희철·트와이스 모모, 열애 인정… 13살차이 한일 커플",fuck****
일본 여성들은 나이 차이 같은거 신경 안쓴다.. 정상임..국내산 폐기물들이나 나이드립 아빠드립 치지..행복하시오!!~,2020-01-02T07:43:01+0000,2,4,연합뉴스,"슈주 김희철·트와이스 모모, 열애 인정… 13살차이 한일 커플",citi****
희철이 맞춰 살아줄 한국아가씨는 없다는게 증명됨,2020-01-02T02:52:05+0000,2,4,연합뉴스,"슈주 김희철·트와이스 모모, 열애 인정… 13살차이 한일 커플",orio****
이 시국에 하필 왜구냐 어휴,2020-01-02T01:53:03+0000,2,0,연합뉴스,"슈주 김희철·트와이스 모모, 열애 인정… 13살차이 한일 커플",stea****
연하에 탈한국여자 솔까 부럽다,2020-01-02T01:50:37+0000,2,0,연합뉴스,"슈주 김희철·트와이스 모모, 열애 인정… 13살차이 한일 커플",crui****
현타 온 씹덕들 많네 빨리 굿즈 불태우고 시디 중고나라에 팔아라. 이 시국에 일녀랑 연애가 말이 되냐? ㅋㅋㅋㅋ,2020-01-02T01:23:25+0000,2,0,연합뉴스,"슈주 김희철·트와이스 모모, 열애 인정… 13살차이 한일 커플",comp****
킹시국에...아니 축하드립니다 부럽다 ㅠㅠ,2020-01-02T01:17:17+0000,2,0,연합뉴스,"슈주 김희철·트와이스 모모, 열애 인정… 13살차이 한일 커플",kych****
응원한다 원스로서 아쉽지만 희철이 머 성격도 괜찬코   애가 괜찬아보이던데 응원한다,2020-01-02T01:11:11+0000,2,0,연합뉴스,"슈주 김희철·트와이스 모모, 열애 인정… 13살차이 한일 커플",miso****
우왕 김치녀거르고 스시녀!!!!  여윾시  김희철이 진정한 승자 ㅋㅋㅋ,2020-01-02T00:48:17+0000,2,0,연합뉴스,"슈주 김희철·트와이스 모모, 열애 인정… 13살차이 한일 커플",kimm****
아무튼 연예인들은  일본여성들은 엄청난데 무조건 순종형,2020-01-02T00:40:52+0000,2,0,연합뉴스,"슈주 김희철·트와이스 모모, 열애 인정… 13살차이 한일 커플",lgsm****
가세연 연예부장 김부장 말 ...신뢰성이 아주 높네 ㅋㅋ 의리도 있고...진작에 알고 있어도 희철이만 언급했지..상대는 언급 안하던데..기자들끼리으 상도덕도 지켜줄줄 아네...예전에 김부장 엄청 싫어 했는데 요즘 완전 호감이다..,2020-01-01T23:56:29+0000,17,14,연합뉴스,"슈주 김희철·트와이스 모모, 열애 인정… 13살차이 한일 커플",samw****
"일본 여자랑 사귀면  ㅡ  한국 여자랑 사귀기 무척 어려울텐데 ㅡ  한국 여자들 드세고, 억세고, 기가세고, 페미, 자기중심적,  돈에 환장,   거란족+몽골족+여진족 후손",2020-01-02T00:41:27+0000,10,7,연합뉴스,"슈주 김희철·트와이스 모모, 열애 인정… 13살차이 한일 커플",esse****
헐 ~~~닛뽄?,2020-01-02T00:01:42+0000,7,4,연합뉴스,"슈주 김희철·트와이스 모모, 열애 인정… 13살차이 한일 커플",dhki****
13살차이인데 머가잘어울려ㅋㅋㅋㅋㅋㅋㅋㅋㅋㅋㅋㅋ토나온다 진짜 띠동갑보다 더 차이나자나...,2020-01-02T00:37:36+0000,6,3,연합뉴스,"슈주 김희철·트와이스 모모, 열애 인정… 13살차이 한일 커플",jung****
결국 탈 한녀에 성공하셨군요.. 부럽읍니다..,2020-01-02T04:23:50+0000,2,7,연합뉴스,"슈주 김희철·트와이스 모모, 열애 인정… 13살차이 한일 커플",esag****
13살 차이??? 김희철이 워낙 젊어 보여서,2020-01-02T02:33:02+0000,2,7,연합뉴스,"슈주 김희철·트와이스 모모, 열애 인정… 13살차이 한일 커플",ahj9****
희철씨 축하드려요. 꼴페미 한녀를 피하고 이쁜 일본 여성을 얻었군요. 결혼까지 하시길 바랍니다.,2020-01-02T06:18:02+0000,1,6,연합뉴스,"슈주 김희철·트와이스 모모, 열애 인정… 13살차이 한일 커플",ghhe****
김희철은 이번 공개연애 뿐아니라 걸그룹 수십명 만났을듯 ㅋㅋㅋ 전에 홍석천이 썰푼것도 그렇고,2020-01-02T01:34:09+0000,2,6,연합뉴스,"슈주 김희철·트와이스 모모, 열애 인정… 13살차이 한일 커플",ha01****
왜하필    일본이지     빙상여제도     희철이도,2020-01-02T07:55:28+0000,1,5,연합뉴스,"슈주 김희철·트와이스 모모, 열애 인정… 13살차이 한일 커플",kkk0****
"김희철 ..원래 트와이스 팬 아닌가? ㅋ 난 진짜 아이러니 한게.. 여자사람연예인들과 그렇게 친하고도 이제야 열애설 터진걸보면..진짜 자기관리 잘하거나, 인성자체가 참 좋은사람이라고 본다.  더구나 연예계의 마당발이..ㅎㅎ 암튼, 축하한다 희철아",2020-01-02T08:31:35+0000,0,4,연합뉴스,"슈주 김희철·트와이스 모모, 열애 인정… 13살차이 한일 커플",balc****
글세....일본인..속내가 어떨지,2020-01-02T08:14:54+0000,0,4,연합뉴스,"슈주 김희철·트와이스 모모, 열애 인정… 13살차이 한일 커플",0173****
역시 여자는 여자력 높은  일본여자가 최고,2020-01-02T07:47:25+0000,0,4,연합뉴스,"슈주 김희철·트와이스 모모, 열애 인정… 13살차이 한일 커플",qlal****
여기다 불매운동 끌어들이는 놈들이나 한녀보다는 스시녀라고 떠드는 놈들이나 뇌 없는 건 마찬가지다. 연애는 개인 사생활이니 축하해주는 게 지극히 정샹적,2020-01-02T07:42:00+0000,0,4,연합뉴스,"슈주 김희철·트와이스 모모, 열애 인정… 13살차이 한일 커플",homo****
김희철 네이놈!!!,2020-01-02T02:17:22+0000,0,4,연합뉴스,"슈주 김희철·트와이스 모모, 열애 인정… 13살차이 한일 커플",real****
모모는 자진 탈퇴해라 장난하나 ㅋㅋ 팬이랑 사귀는것보다 더 짜증나는게 동종업종 사귀는거,2020-01-02T05:56:56+0000,3,1,연합뉴스,"슈주 김희철·트와이스 모모, 열애 인정… 13살차이 한일 커플",wogn****
간첩매국노 인민대변부 북재앙이 이 글을 시러함늬돠 쩝쩝,2020-01-02T05:39:21+0000,3,1,연합뉴스,"슈주 김희철·트와이스 모모, 열애 인정… 13살차이 한일 커플",kkao****
노노재팬이다 일본여자랑 사귀다니 제정신이 아니군,2020-01-02T03:07:00+0000,3,1,연합뉴스,"슈주 김희철·트와이스 모모, 열애 인정… 13살차이 한일 커플",ldse****
시국이 어느땐데 쪽발국 여자랑 사기냐 제정신이냐,2020-01-02T02:23:47+0000,3,1,연합뉴스,"슈주 김희철·트와이스 모모, 열애 인정… 13살차이 한일 커플",guim****
이제 희철이도 토착왜구네 ㅋㅋㅋㅋㅋ  아마 집에 일제 하나도 없는 사람은 0.1% 도 안될텐데  반일 부르짖는 멍멍이들 보면 참 ㅋㅋㅋㅋㅋ 하찮은 자존심 지켜보겠다 이건가,2020-01-02T02:12:36+0000,3,1,연합뉴스,"슈주 김희철·트와이스 모모, 열애 인정… 13살차이 한일 커플",comp****
모모는 진짜 인정한다 !!!!,2020-01-02T08:12:18+0000,2,0,연합뉴스,"슈주 김희철·트와이스 모모, 열애 인정… 13살차이 한일 커플",nljx****
축하해요. 아낌없이 사랑해 주세요.,2020-01-02T07:52:11+0000,2,0,연합뉴스,"슈주 김희철·트와이스 모모, 열애 인정… 13살차이 한일 커플",ljh7****
여기서 한국 여자 희롱하는 건 한남 밖에 없음. 어짜피 한녀한테 이기지도 못할거면서 치사하게 오 댓으로 난리침? 님들은 죄 안짓고 사나봐요?. 맨날 한녀 꼴통이라고 놀리고 언젠가 남자가 여자보고 사는 세상 올거에요~ 진심으로 말하는 데 한남이나 한녀나 거기서 거기에요. 니들이 하는 행동은 안보고 비교부터 하잖슴~ 그리고 한국 여성들 때문에 남자들이 출세 더 많이 했어요. 힘들때 곁에 아무도 없으면 금세 포기하는 데. 솔까 동성끼리는 그런거 있음 경쟁이나 하지 뭐가 좋아요? 서로 윈윈하면 좋잖아요.,2020-01-02T07:31:27+0000,2,0,연합뉴스,"슈주 김희철·트와이스 모모, 열애 인정… 13살차이 한일 커플",dldk****
"이름이 야하다 모모~   중국어로 모~ 라는 발음이 ""만지다"" 라는 동사라서 ㅋㅋ  암튼 둘다 예쁜사랑 하길~",2020-01-02T05:33:06+0000,2,0,연합뉴스,"슈주 김희철·트와이스 모모, 열애 인정… 13살차이 한일 커플",pms4****
게이라는 소문은 헛소문 이였군.....,2020-01-02T02:03:42+0000,2,59,연합뉴스,"슈주 김희철·트와이스 모모, 열애 인정… 13살차이 한일 커플",pms4****
한국남자 일본여자 조합이 딱 좋다.  한국여자는 서양남자 만나시면 되겠고.,2020-01-02T03:02:26+0000,4,42,연합뉴스,"슈주 김희철·트와이스 모모, 열애 인정… 13살차이 한일 커플",feel****
가로세로연구소 에서 김희철 기사터진다더니 사실이었네,2020-01-02T01:23:52+0000,24,54,연합뉴스,"슈주 김희철·트와이스 모모, 열애 인정… 13살차이 한일 커플",arom****
김희철 방송중에도 추파 겁나 던지드만.. 성공했네,2020-01-02T01:51:37+0000,2,32,연합뉴스,"슈주 김희철·트와이스 모모, 열애 인정… 13살차이 한일 커플",haah****
사람 대 사람으로 서로 좋아해서 만나는거 가지고 일본이네 어쩌네 하는 사람들은 뭐임?? 그런애들이 꼭 서양 나가면 인종차별로 무시 당하고 부들거림,2020-01-02T03:14:33+0000,1,30,연합뉴스,"슈주 김희철·트와이스 모모, 열애 인정… 13살차이 한일 커플",fort****
축하축하~ 십여년동안 꾸준히 방송생활 해 온 아이돌 출신 연예인 중에 드물게 큰 사건사고 없이 평탄하게 지내 온 사람인듯...,2020-01-02T00:40:09+0000,5,31,연합뉴스,"슈주 김희철·트와이스 모모, 열애 인정… 13살차이 한일 커플",pjm8****
일본차 사면 매국노고 일본녀랑 사귀면 애국인가? 기준이 뭐냐? 국뽕들아..,2020-01-02T01:25:52+0000,14,39,연합뉴스,"슈주 김희철·트와이스 모모, 열애 인정… 13살차이 한일 커플",nosy****
비밀연애하다 이번엔 걸린듯,2020-01-02T01:08:28+0000,1,17,연합뉴스,"슈주 김희철·트와이스 모모, 열애 인정… 13살차이 한일 커플",bsb5****
jyp군기 바닥난건가,2020-01-02T00:27:27+0000,4,19,연합뉴스,"슈주 김희철·트와이스 모모, 열애 인정… 13살차이 한일 커플",rara****
와... 일본여자랑 연애한다고 악플다는 달창 문빠년들 진심 답없다.,2020-01-02T01:56:32+0000,50,63,연합뉴스,"슈주 김희철·트와이스 모모, 열애 인정… 13살차이 한일 커플",gews****
이런 보도는 올해에는 제발 하지마라~ 지극히 개인적인 일이다. 결혼을 하든 뭐하든 찌지고 뽁든 개인사는 국민 대다수가 접하는 인터넷상에서 공개하지마라~ 관심도 없다. 짜증만 난다 기레기들아~,2020-01-02T01:54:52+0000,4,16,연합뉴스,"슈주 김희철·트와이스 모모, 열애 인정… 13살차이 한일 커플",hdh2****
아이고~~또 을매나 갈까~~~~,2020-01-02T02:42:59+0000,0,2,연합뉴스,"슈주 김희철·트와이스 모모, 열애 인정… 13살차이 한일 커플",miji****
생긴게 일제 쪽바리 처럼 생겼더만 결국 일녀 하고 사귀냐 ㅋㅋㅋ,2020-01-02T06:44:24+0000,5,1,연합뉴스,"슈주 김희철·트와이스 모모, 열애 인정… 13살차이 한일 커플",rlae****
반일운동이 한창인 이때에 부적적한 행동이다.,2020-01-02T03:56:29+0000,5,1,연합뉴스,"슈주 김희철·트와이스 모모, 열애 인정… 13살차이 한일 커플",nice****
이시국에 쪽바리라니...,2020-01-02T03:16:08+0000,5,1,연합뉴스,"슈주 김희철·트와이스 모모, 열애 인정… 13살차이 한일 커플",jung****
이시국에?,2020-01-02T03:51:44+0000,4,0,연합뉴스,"슈주 김희철·트와이스 모모, 열애 인정… 13살차이 한일 커플",wh87****
ㅋㅋㅋ 트와이스도  이제  내리막  타는 시작이군...여기저기 열애설 터지네,2020-01-02T00:23:50+0000,4,0,연합뉴스,"슈주 김희철·트와이스 모모, 열애 인정… 13살차이 한일 커플",nu44****
쪽바리랑 사귀는거 보면 인기 같은건 필요없다 이건가...,2020-01-02T07:37:42+0000,7,2,연합뉴스,"슈주 김희철·트와이스 모모, 열애 인정… 13살차이 한일 커플",pks1****
지금 반일시국에 일본얘랑 연애하다니 일본으로 가거라,2020-01-02T06:26:49+0000,6,1,연합뉴스,"슈주 김희철·트와이스 모모, 열애 인정… 13살차이 한일 커플",bbin****
나도 일본남자사귀는데♡희철오빠 축하해여!! 희철오빠는 일본남자닮아서 이쁨♡한국남자들보다 일본남자가 이쁜남자가 많아!!!! 일반한국남들 착각하지마세요 ㅋ 희철오빠는 미모가있어서 트와사나랑 사귀는거에요 ㅋ 일본여자들 이쁜남자 좋아하거든요 ㅋㅋ대부분 한국남들은 불어터진 오징어순대닮지않았나? ㅋㅋㅋㅋ,2020-01-02T02:06:40+0000,6,1,연합뉴스,"슈주 김희철·트와이스 모모, 열애 인정… 13살차이 한일 커플",jouk****
이시국에...좀..,2020-01-02T02:25:08+0000,5,0,연합뉴스,"슈주 김희철·트와이스 모모, 열애 인정… 13살차이 한일 커플",schr****
"별 관심도 없는데, 엔터테인먼트 사업을 위해서 회사하고 신문사하고 지속적으로 방송내고 기사써주고, 그걸  따라하는 것도 웃긴일이지. 지들끼리 만나던 결혼하던 이혼하던 우리들하고 무슨상관임? 개네들은 직업일 뿐이고, 연애인들 보면 대부분들이 쉽게 만나고 쉽게 헤어지고, 아이들한테도 별로 좋은 영향은 안주는데 말이다. 왜 연애인들의 사생활이 궁금하지? 지그들도 밥먹고, 자고, 싸고, 다하는데, 난 제발좀 저런 의미없는 기사좀 안냈으면 한다. 관심없으면 음반도, 나오는 티비도 안보면 되지~",2020-01-02T00:13:13+0000,5,2,연합뉴스,"슈주 김희철·트와이스 모모, 열애 인정… 13살차이 한일 커플",king****
쪽발이 OUT !!,2020-01-02T08:29:54+0000,4,1,연합뉴스,"슈주 김희철·트와이스 모모, 열애 인정… 13살차이 한일 커플",good****
외모는희철이 아깝,2020-01-02T06:23:59+0000,4,1,연합뉴스,"슈주 김희철·트와이스 모모, 열애 인정… 13살차이 한일 커플",nacc****
대세는 일본 여자다. 일본은 최고다 세계최강 욱일 승천기!,2020-01-02T06:17:52+0000,4,1,연합뉴스,"슈주 김희철·트와이스 모모, 열애 인정… 13살차이 한일 커플",mbwb****
많은 이쁜이중에 골라도 모모를 골랐네. 모모 지효가 제일 못생겼드만 그래도 개취 존중 한다.,2020-01-02T05:51:03+0000,4,1,연합뉴스,"슈주 김희철·트와이스 모모, 열애 인정… 13살차이 한일 커플",pari****
한국에도 좋은 여자가 많을텐데 시국도 안좋은 시기에 참...,2020-01-02T02:55:33+0000,4,1,연합뉴스,"슈주 김희철·트와이스 모모, 열애 인정… 13살차이 한일 커플",lee7****
이 시국에??????,2020-01-02T01:54:16+0000,4,1,연합뉴스,"슈주 김희철·트와이스 모모, 열애 인정… 13살차이 한일 커플",damm****
능력좋네~ 1년 갖고놀다 버려라~,2020-01-02T08:46:44+0000,3,0,연합뉴스,"슈주 김희철·트와이스 모모, 열애 인정… 13살차이 한일 커플",noa1****
김희철이 트와이스  돌아가면서  사귀는거  아니지?,2020-01-02T08:27:34+0000,3,0,연합뉴스,"슈주 김희철·트와이스 모모, 열애 인정… 13살차이 한일 커플",kjm7****
일본재품은 불매하자면서 난리면서 일본인은 괜찮나. 궁금해서 그런다.,2020-01-02T04:55:06+0000,2,0,연합뉴스,"슈주 김희철·트와이스 모모, 열애 인정… 13살차이 한일 커플",laug****
일제 좋은건 알아가지고.,2020-01-02T04:48:05+0000,2,0,연합뉴스,"슈주 김희철·트와이스 모모, 열애 인정… 13살차이 한일 커플",asd0****
한남정조 안줘여 일녀랑 s 안해요 이 시국에 ㅋㅋㅋ,2020-01-02T03:50:58+0000,2,0,연합뉴스,"슈주 김희철·트와이스 모모, 열애 인정… 13살차이 한일 커플",imeo****
이 시국에 쪽이랑??,2020-01-02T03:46:56+0000,2,0,연합뉴스,"슈주 김희철·트와이스 모모, 열애 인정… 13살차이 한일 커플",whdt****
그래 일본여자가 낫지  좋은선택이다 👍,2020-01-02T03:15:21+0000,2,0,연합뉴스,"슈주 김희철·트와이스 모모, 열애 인정… 13살차이 한일 커플",bboo****
일본인이었어?,2020-01-02T02:55:08+0000,2,0,연합뉴스,"슈주 김희철·트와이스 모모, 열애 인정… 13살차이 한일 커플",myfe****
モモさん絶対だめだわ!こいつ変な男だ,2020-01-02T02:50:48+0000,2,0,연합뉴스,"슈주 김희철·트와이스 모모, 열애 인정… 13살차이 한일 커플",jeni****
웬 40살 아저씨가 모모랑 사귀네ㅡㅡ 이건 좌파 우파  일베우파이종좌파 한남충 일본인을 떠나서 여자남자 구도로 봤을때 어이없다이기,2020-01-02T02:45:33+0000,2,0,연합뉴스,"슈주 김희철·트와이스 모모, 열애 인정… 13살차이 한일 커플",baby****
예쁜사랑하세요 ~~~~^^  트와이스는 박살나겠지만 ㅋㅋ,2020-01-02T02:45:09+0000,2,0,연합뉴스,"슈주 김희철·트와이스 모모, 열애 인정… 13살차이 한일 커플",cjjo****
이시국에,2020-01-02T02:08:33+0000,2,0,연합뉴스,"슈주 김희철·트와이스 모모, 열애 인정… 13살차이 한일 커플",dogg****
일본 뇬들 잠자리 신음소리 장난이 아니지....,2020-01-02T01:59:57+0000,2,0,연합뉴스,"슈주 김희철·트와이스 모모, 열애 인정… 13살차이 한일 커플",5969****
이시국커플??,2020-01-02T01:51:00+0000,1,0,연합뉴스,"슈주 김희철·트와이스 모모, 열애 인정… 13살차이 한일 커플",shpr****
뭐 둘이 끝까지 잘되면야 보기좋지.. 선남선녀잖아 ㅇㅇ,2020-01-02T01:29:56+0000,1,0,연합뉴스,"슈주 김희철·트와이스 모모, 열애 인정… 13살차이 한일 커플",free****
희철이형 모모 아껴주세요.  이제 트와이즈도  내리막이네요. 연애설만 몇개인지,2020-01-02T01:28:25+0000,1,0,연합뉴스,"슈주 김희철·트와이스 모모, 열애 인정… 13살차이 한일 커플",pare****
"이야,,우리 모모 땡잡았네,,,13년 후배라니ㅋㅋㄱㅋㅋㄱㅎㅎㅎ",2020-01-02T01:23:03+0000,1,0,연합뉴스,"슈주 김희철·트와이스 모모, 열애 인정… 13살차이 한일 커플",luk6****
우와 희철오빠 최고 사랑해요,2020-01-02T01:20:22+0000,1,0,연합뉴스,"슈주 김희철·트와이스 모모, 열애 인정… 13살차이 한일 커플",diar****
득템이다아,2020-01-02T01:07:46+0000,1,0,연합뉴스,"슈주 김희철·트와이스 모모, 열애 인정… 13살차이 한일 커플",youn****
행복하세요,2020-01-02T00:59:57+0000,1,0,연합뉴스,"슈주 김희철·트와이스 모모, 열애 인정… 13살차이 한일 커플",cool****
희철이 나이보니까 곧 결혼할 듯....,2020-01-02T00:48:21+0000,1,0,연합뉴스,"슈주 김희철·트와이스 모모, 열애 인정… 13살차이 한일 커플",oppa****
디스패치가 한건했군,2020-01-02T00:24:02+0000,1,0,연합뉴스,"슈주 김희철·트와이스 모모, 열애 인정… 13살차이 한일 커플",dand****
슴가 개큰데...부럽다,2020-01-02T00:08:27+0000,9,7,연합뉴스,"슈주 김희철·트와이스 모모, 열애 인정… 13살차이 한일 커플",nunn****
우리나라 여자에게는 안먹히니까? 어리숙한 일본여자에게 작업하네. 어차피 이런애는 가정에는 관심없는 넘.,2020-01-02T01:21:13+0000,6,4,연합뉴스,"슈주 김희철·트와이스 모모, 열애 인정… 13살차이 한일 커플",post****
김희철 친일파,2020-01-02T03:10:55+0000,1,0,연합뉴스,"슈주 김희철·트와이스 모모, 열애 인정… 13살차이 한일 커플",pink****
성덕...이라고 해야하나. 축하해요!,2020-01-02T03:03:50+0000,1,0,연합뉴스,"슈주 김희철·트와이스 모모, 열애 인정… 13살차이 한일 커플",m990****
&lt대한민국 3대 마요&gt 1. 참치마요 2. 치킨마요 3. 언니 그 남자 만나지 마요,2020-01-02T02:57:59+0000,1,0,연합뉴스,"슈주 김희철·트와이스 모모, 열애 인정… 13살차이 한일 커플",silv****
이시국에 일본녀 라니!!!!!!,2020-01-02T02:56:29+0000,1,0,연합뉴스,"슈주 김희철·트와이스 모모, 열애 인정… 13살차이 한일 커플",kp01****
원스 탈퇴합니다....,2020-01-02T02:54:48+0000,1,0,연합뉴스,"슈주 김희철·트와이스 모모, 열애 인정… 13살차이 한일 커플",ajws****
아이고난1 아이고난2,2020-01-02T02:50:46+0000,1,0,연합뉴스,"슈주 김희철·트와이스 모모, 열애 인정… 13살차이 한일 커플",sony****
이 시국에 일본여자를 사겨? 이 놈 토착왜구네,2020-01-02T02:49:28+0000,1,0,연합뉴스,"슈주 김희철·트와이스 모모, 열애 인정… 13살차이 한일 커플",batt****
이 시국에 일본인이랑?,2020-01-02T02:45:54+0000,1,0,연합뉴스,"슈주 김희철·트와이스 모모, 열애 인정… 13살차이 한일 커플",qlsk****
트와이스 일본인 둘이 똑같이 생겼는데 이름이 모모랑 나나인가?,2020-01-02T02:14:23+0000,1,0,연합뉴스,"슈주 김희철·트와이스 모모, 열애 인정… 13살차이 한일 커플",aw20****
트와이스도 이제 여그룹 징크스 못깨고 해체하는거 아닌가몰라 ㅠ,2020-01-02T02:08:54+0000,1,0,연합뉴스,"슈주 김희철·트와이스 모모, 열애 인정… 13살차이 한일 커플",dbrw****
나이 차이...ㅋㅋㅋㅋㅋ 왜 반대로는 잘 없냐고 남자들이 여자 골라만날 처지인가 진짜,2020-01-02T01:30:14+0000,5,0,연합뉴스,"슈주 김희철·트와이스 모모, 열애 인정… 13살차이 한일 커플",alic****
악플 다는 애들 = 문재앙 찍어 놓고 이명박근혜 탓하는 개돼지 쓰레기 유전자 대깨문들,2020-01-02T05:19:59+0000,1,0,연합뉴스,"슈주 김희철·트와이스 모모, 열애 인정… 13살차이 한일 커플",tjzk****
일본이 좋긴하지~,2020-01-02T05:07:52+0000,1,0,연합뉴스,"슈주 김희철·트와이스 모모, 열애 인정… 13살차이 한일 커플",jihu****
ㅋ이시국씨들다어디감,2020-01-02T04:55:38+0000,1,0,연합뉴스,"슈주 김희철·트와이스 모모, 열애 인정… 13살차이 한일 커플",ioc0****
김치한녀보다는 일본여자가 낫지 ㅋㅋㅋㅋ 대세는 한남 일녀 커플임ㅋㅋㅋㅋ,2020-01-02T04:53:14+0000,1,0,연합뉴스,"슈주 김희철·트와이스 모모, 열애 인정… 13살차이 한일 커플",taga****
스시녀 아주 좋치.김희철이 보는눈이 있구만,2020-01-02T04:50:36+0000,1,0,연합뉴스,"슈주 김희철·트와이스 모모, 열애 인정… 13살차이 한일 커플",god2****
진짜 성공한 덕후네 ㅋㅋㅋ 축하합니다 ^^,2020-01-02T04:49:06+0000,1,0,연합뉴스,"슈주 김희철·트와이스 모모, 열애 인정… 13살차이 한일 커플",star****
틀니 압수,2020-01-02T04:47:14+0000,1,0,연합뉴스,"슈주 김희철·트와이스 모모, 열애 인정… 13살차이 한일 커플",tnru****
13살 어린 일본여자..희철이 여자 볼줄 아네,2020-01-02T04:45:38+0000,1,0,연합뉴스,"슈주 김희철·트와이스 모모, 열애 인정… 13살차이 한일 커플",hyun****
스시녀는 사랑입니다,2020-01-02T04:44:56+0000,1,0,연합뉴스,"슈주 김희철·트와이스 모모, 열애 인정… 13살차이 한일 커플",pjy9****
만나던말던 크게상관없지만 모모한테 상처주면 김희철 가만안둔다 ㅡㅡ,2020-01-02T08:17:15+0000,1,0,연합뉴스,"슈주 김희철·트와이스 모모, 열애 인정… 13살차이 한일 커플",ufow****
근데 만약 결혼까지하면 모모 한국국적 되는거 아님? ㅋㅋㅋㅋ,2020-01-02T07:52:05+0000,1,0,연합뉴스,"슈주 김희철·트와이스 모모, 열애 인정… 13살차이 한일 커플",ysk3****
희철이 오래 살겠다 ㅎㅎㅎ 선남선녀  이쁜사랑 하길~,2020-01-02T07:51:49+0000,1,0,연합뉴스,"슈주 김희철·트와이스 모모, 열애 인정… 13살차이 한일 커플",shoo****
한일커플 응원한다~~~!!!,2020-01-02T07:39:36+0000,1,0,연합뉴스,"슈주 김희철·트와이스 모모, 열애 인정… 13살차이 한일 커플",boo3****
혼또데스까? 오지상 다매요!,2020-01-02T07:21:49+0000,1,0,연합뉴스,"슈주 김희철·트와이스 모모, 열애 인정… 13살차이 한일 커플",ammo****
졸라해라,2020-01-02T07:01:06+0000,1,0,연합뉴스,"슈주 김희철·트와이스 모모, 열애 인정… 13살차이 한일 커플",whdd****
일본 불매 운동에 동참하라고 외치며 좌좀들 몰려올수있으니 조심,2020-01-02T06:58:16+0000,1,0,연합뉴스,"슈주 김희철·트와이스 모모, 열애 인정… 13살차이 한일 커플",even****
모모는 철부지 모모는 철부지 모모는 철부지 철이가 철들게 해줬네 철이가 철들게 해줬네,2020-01-02T06:55:10+0000,1,0,연합뉴스,"슈주 김희철·트와이스 모모, 열애 인정… 13살차이 한일 커플",s701****
"😈매국노 기생충🐕 조국과 😈선거농단 🐕송철호, 🐕송병기 같은 범죄자들은 수갑을 안채우고 ..대한민국을 목숨바쳐 지키는 ❣애국자 전광훈목사님은수갑을 채우고 .. 😈총칼만 안들었지 .. 😈공산주의 나라가 됐구나..❗ SOS 〰️ 미국 도와줘요❗종교탄압이 시작되었습니다❗❗대한민국 국민들이여❗ 〰️ 들풀처럼 일어나라❗",2020-01-02T06:53:33+0000,1,0,연합뉴스,"슈주 김희철·트와이스 모모, 열애 인정… 13살차이 한일 커플",plus****
난 반댈세.,2020-01-02T06:49:53+0000,1,0,연합뉴스,"슈주 김희철·트와이스 모모, 열애 인정… 13살차이 한일 커플",pisi****
30대 일베충들 특징 : 김치녀 까고 스시녀 빨아댐ㅋㅋㅋ   이젠 일본여자랑 사귀면  일베의심받게 되는거 당연하다 일베들이 하도 난리치고다녀서 그런거다 어쩔수없다  한남은 여혐이 디폴트니깐ㅋㅋ 그런식으로 설리 구하라 죽게만들었고,2020-01-02T06:44:05+0000,1,0,연합뉴스,"슈주 김희철·트와이스 모모, 열애 인정… 13살차이 한일 커플",baby****
일본 여행 갑시다. 도쿄 올림픽 대박나세요!!,2020-01-02T06:20:45+0000,2,1,연합뉴스,"슈주 김희철·트와이스 모모, 열애 인정… 13살차이 한일 커플",oldb****
"자기도 언젠간 일본여자와 가능할거라고 믿는 일뽕 오타쿠 돼지들은 꿈 깨라, 희철이형은 잘 생기고 열심히 사니까 이쁘게 만나는 거다",2020-01-02T05:52:21+0000,2,1,연합뉴스,"슈주 김희철·트와이스 모모, 열애 인정… 13살차이 한일 커플",ae60****
역시 남자는 와인.,2020-01-02T05:01:14+0000,2,1,연합뉴스,"슈주 김희철·트와이스 모모, 열애 인정… 13살차이 한일 커플",sc22****
김치녀뺀찌 스시녀는 사랑이야 ㅎㅎ,2020-01-02T04:28:40+0000,2,1,연합뉴스,"슈주 김희철·트와이스 모모, 열애 인정… 13살차이 한일 커플",aini****
한녀들은 걍성욕해소용이고 일녀가최고지마음다줄수있지,2020-01-02T03:17:47+0000,2,1,연합뉴스,"슈주 김희철·트와이스 모모, 열애 인정… 13살차이 한일 커플",rudx****
김희철역시 더러운한녀를 버리고 때묻지않은 스시녀를 부럽다,2020-01-02T03:13:25+0000,2,1,연합뉴스,"슈주 김희철·트와이스 모모, 열애 인정… 13살차이 한일 커플",zoon****
한국인이면 제발 일본인 만나지 맙시다.,2020-01-02T03:08:44+0000,2,1,연합뉴스,"슈주 김희철·트와이스 모모, 열애 인정… 13살차이 한일 커플",yguy****
가지않습니다 사지않습니다. 같이 자지 않습니다. NO JAAN,2020-01-02T03:03:42+0000,2,1,연합뉴스,"슈주 김희철·트와이스 모모, 열애 인정… 13살차이 한일 커플",kise****
역시 여자는 20대,2020-01-02T02:51:56+0000,2,1,연합뉴스,"슈주 김희철·트와이스 모모, 열애 인정… 13살차이 한일 커플",rosa****
맛봤으면 그냥 헤어져라.,2020-01-02T02:33:31+0000,2,1,연합뉴스,"슈주 김희철·트와이스 모모, 열애 인정… 13살차이 한일 커플",cowb****
잘어울려요~이쁜사랑 하세요~,2020-01-02T00:36:14+0000,0,0,연합뉴스,"슈주 김희철·트와이스 모모, 열애 인정… 13살차이 한일 커플",thfo****
우주 대스타 추카추카 결혼 가즈아~~이건 불매운동에 연관시키지말았으면......,2020-01-02T00:32:39+0000,0,0,연합뉴스,"슈주 김희철·트와이스 모모, 열애 인정… 13살차이 한일 커플",sukc****
이쁘다.,2020-01-02T00:24:06+0000,0,0,연합뉴스,"슈주 김희철·트와이스 모모, 열애 인정… 13살차이 한일 커플",noa0****
Z르지마,2020-01-02T00:21:19+0000,0,0,연합뉴스,"슈주 김희철·트와이스 모모, 열애 인정… 13살차이 한일 커플",redy****
의외네?? 김희철은 이성 문제에 되게 조심스러운 타입인걸로 아는데 그런 사람이 연애라... 어찌됐든 교제 축하합니다.,2020-01-02T00:08:18+0000,14,13,연합뉴스,"슈주 김희철·트와이스 모모, 열애 인정… 13살차이 한일 커플",virt****
일본 물건도 사면 안되는데?? 일본여자랑 연애를 해?? 그들 논리대로하면 완죤 친일파 토착왜구내??,2020-01-02T01:27:41+0000,10,9,연합뉴스,"슈주 김희철·트와이스 모모, 열애 인정… 13살차이 한일 커플",1973****
여기 일본하면..자기 이해관계도 없는데..무조건 싫어하는 애들..북한애들..주체사상때문에 어렸을때부터 미국놈 미국놈하며 반미하는 것과 뭐가 다른지..설명해 볼래,2020-01-02T00:45:13+0000,9,8,연합뉴스,"슈주 김희철·트와이스 모모, 열애 인정… 13살차이 한일 커플",dani****
모모만 괜찮으면돼 우리가 지켜줄게 사랑해,2020-01-01T23:51:56+0000,9,8,연합뉴스,"슈주 김희철·트와이스 모모, 열애 인정… 13살차이 한일 커플",mymi****
"쪽발이여자가질질싸지,,,애교가죽인다ㅋㅋ",2020-01-02T01:43:35+0000,6,5,연합뉴스,"슈주 김희철·트와이스 모모, 열애 인정… 13살차이 한일 커플",mupp****
페미 문빠 달창들아 늘 하던대로 김희철보고 토착왜구라고 욕해야지?ㅋㅋ,2020-01-02T06:37:21+0000,5,4,연합뉴스,"슈주 김희철·트와이스 모모, 열애 인정… 13살차이 한일 커플",wilw****
추카추카,2020-01-02T01:05:20+0000,0,0,연합뉴스,"슈주 김희철·트와이스 모모, 열애 인정… 13살차이 한일 커플",mira****
김희철 결혼 안하냐?,2020-01-02T01:04:03+0000,0,0,연합뉴스,"슈주 김희철·트와이스 모모, 열애 인정… 13살차이 한일 커플",newt****
축하해요~ 예전부터 마음에 있는거 같은 티 많이 내더니 진심이었군요.ㅋㅋㅋ,2020-01-02T01:02:29+0000,0,0,연합뉴스,"슈주 김희철·트와이스 모모, 열애 인정… 13살차이 한일 커플",jhtj****
축하합니다 ^^,2020-01-02T01:02:21+0000,0,0,연합뉴스,"슈주 김희철·트와이스 모모, 열애 인정… 13살차이 한일 커플",ajbl****
이번엔 진짠가??,2020-01-02T01:01:38+0000,0,0,연합뉴스,"슈주 김희철·트와이스 모모, 열애 인정… 13살차이 한일 커플",baew****
아형도 좋아하고 트와이스도 호감이라 그런지 나랑 상관없는 기사인데도 기분이 좋구만,2020-01-02T00:54:15+0000,0,0,연합뉴스,"슈주 김희철·트와이스 모모, 열애 인정… 13살차이 한일 커플",edfh****
ㅂㄷㅂㄷ,2020-01-02T00:51:28+0000,0,0,연합뉴스,"슈주 김희철·트와이스 모모, 열애 인정… 13살차이 한일 커플",jawo****
희철이 장가 가즈아ㅏㅏㅏㅏ,2020-01-02T00:49:12+0000,0,0,연합뉴스,"슈주 김희철·트와이스 모모, 열애 인정… 13살차이 한일 커플",zori****
전부터 열애설나더만은...,2020-01-02T00:49:00+0000,0,0,연합뉴스,"슈주 김희철·트와이스 모모, 열애 인정… 13살차이 한일 커플",jusa****
헤어지지말구 이쁜사랑 하세용 와진짜 대박 ㅜㅜ,2020-01-02T00:48:53+0000,0,0,연합뉴스,"슈주 김희철·트와이스 모모, 열애 인정… 13살차이 한일 커플",damg****
이시국에,2020-01-02T01:38:56+0000,0,0,연합뉴스,"슈주 김희철·트와이스 모모, 열애 인정… 13살차이 한일 커플",qorg****
"대다나다,,,,,,,,, , 모모 야 , , 난 반댈세 ~~",2020-01-02T01:38:43+0000,0,0,연합뉴스,"슈주 김희철·트와이스 모모, 열애 인정… 13살차이 한일 커플",inha****
이형 프로게이 이미지 드디어 없어지겠네,2020-01-02T01:38:12+0000,0,0,연합뉴스,"슈주 김희철·트와이스 모모, 열애 인정… 13살차이 한일 커플",qesd****
어제 기자까던 새끼들 다 어디갔냐 이중성오지네,2020-01-02T01:33:34+0000,0,0,연합뉴스,"슈주 김희철·트와이스 모모, 열애 인정… 13살차이 한일 커플",ckst****
냄비우동..팔아요오오오/,2020-01-02T01:32:53+0000,0,0,연합뉴스,"슈주 김희철·트와이스 모모, 열애 인정… 13살차이 한일 커플",akst****
장기하 노래 계곡을 지나 파도가 철썩철썩.. 가사 볼 때마다 아이유 생각 남,2020-01-02T01:29:41+0000,0,0,연합뉴스,"슈주 김희철·트와이스 모모, 열애 인정… 13살차이 한일 커플",rams****
와,2020-01-02T01:29:36+0000,0,0,연합뉴스,"슈주 김희철·트와이스 모모, 열애 인정… 13살차이 한일 커플",evem****
희철이형 아들볼때됬지 ㄹㅇㅋㅋ,2020-01-02T01:29:02+0000,0,0,연합뉴스,"슈주 김희철·트와이스 모모, 열애 인정… 13살차이 한일 커플",ch13****
그렇게 껄떡데드만 드디어 걸려들었네 인지도를 위해 가는 일본인ㅉㅉㅉ,2020-01-02T01:27:36+0000,0,0,연합뉴스,"슈주 김희철·트와이스 모모, 열애 인정… 13살차이 한일 커플",2929****
아형때부터 눈치 챘지.,2020-01-02T01:27:08+0000,0,0,연합뉴스,"슈주 김희철·트와이스 모모, 열애 인정… 13살차이 한일 커플",h2s0****
일본여자가 착하고 이해심많고 좋다!요즘 한국 여자애들 어휴,2020-01-02T07:59:23+0000,5,3,연합뉴스,"슈주 김희철·트와이스 모모, 열애 인정… 13살차이 한일 커플",newp****
나이차이 뭔일.... 으.... 모모가 아깝,2020-01-02T01:00:17+0000,5,3,연합뉴스,"슈주 김희철·트와이스 모모, 열애 인정… 13살차이 한일 커플",bos4****
미우새는하차해야겠네.. 모모아깝다..,2020-01-02T00:20:50+0000,5,3,연합뉴스,"슈주 김희철·트와이스 모모, 열애 인정… 13살차이 한일 커플",hahu****
여자는 스시지 순종녀,2020-01-02T04:14:08+0000,4,2,연합뉴스,"슈주 김희철·트와이스 모모, 열애 인정… 13살차이 한일 커플",leab****
하필이면 일본여자야  재수없어  헤어져,2020-01-02T03:11:41+0000,4,2,연합뉴스,"슈주 김희철·트와이스 모모, 열애 인정… 13살차이 한일 커플",akk1****
모모가 많이 아깝다..,2020-01-02T02:06:27+0000,4,2,연합뉴스,"슈주 김희철·트와이스 모모, 열애 인정… 13살차이 한일 커플",zipp****
여자 못생김,2020-01-02T00:59:41+0000,4,2,연합뉴스,"슈주 김희철·트와이스 모모, 열애 인정… 13살차이 한일 커플",smpa****
참. 이시기에 친일을 하시겠다.,2020-01-02T08:21:21+0000,3,1,연합뉴스,"슈주 김희철·트와이스 모모, 열애 인정… 13살차이 한일 커플",haya****
능력잇으면 무조건 일본여자 만나지ㅋㅋㅋ대가리나쁘고 인성 썩은 김치녀 만나느니 그냥 솔로가 나음,2020-01-02T08:14:18+0000,3,1,연합뉴스,"슈주 김희철·트와이스 모모, 열애 인정… 13살차이 한일 커플",veri****
둘이 어울리더라.. 잘 되길 바랍니다. 근데 반일 대깨문들 절라 공격할텐데 잘 이겨내시길..,2020-01-02T02:06:22+0000,1,0,연합뉴스,"슈주 김희철·트와이스 모모, 열애 인정… 13살차이 한일 커플",anyl****
뭘 그렇게 극복하나.... 서로간의 코드나 디자이어가 맞는거지. 기사가 개코믹,2020-01-02T02:05:34+0000,1,0,연합뉴스,"슈주 김희철·트와이스 모모, 열애 인정… 13살차이 한일 커플",inne****
쪽빨년!!!,2020-01-02T02:02:19+0000,1,0,연합뉴스,"슈주 김희철·트와이스 모모, 열애 인정… 13살차이 한일 커플",bles****
아이 예쁘다~잘 사겨~~,2020-01-02T02:00:21+0000,1,0,연합뉴스,"슈주 김희철·트와이스 모모, 열애 인정… 13살차이 한일 커플",dulc****
징그러ㅠ 한남과 일본인 ㅋ 어케보면 잘어울리냄,2020-01-02T01:59:57+0000,1,0,연합뉴스,"슈주 김희철·트와이스 모모, 열애 인정… 13살차이 한일 커플",2775****
"저 도둑놈좀 잡아가소, 축하하고, 결혼까지 희망한다",2020-01-02T01:59:15+0000,1,0,연합뉴스,"슈주 김희철·트와이스 모모, 열애 인정… 13살차이 한일 커플",kang****
행복하라구~~~ 응원한다구~~~,2020-01-02T01:59:10+0000,1,0,연합뉴스,"슈주 김희철·트와이스 모모, 열애 인정… 13살차이 한일 커플",ted1****
촉새가 한녀는 싫었나? 왠 쩍발이,2020-01-02T01:58:34+0000,1,0,연합뉴스,"슈주 김희철·트와이스 모모, 열애 인정… 13살차이 한일 커플",nino****
김희철 역시 나이좀 있어도 잘생기고 말빨되고 능력되니까 모모같은 선녀랑도 당당하게 사귀네 오래사겨라,2020-01-02T01:56:34+0000,1,0,연합뉴스,"슈주 김희철·트와이스 모모, 열애 인정… 13살차이 한일 커플",ehdg****
희철이도 느낀거지.. 한녀는 답이 없는걸,2020-01-02T01:54:03+0000,1,0,연합뉴스,"슈주 김희철·트와이스 모모, 열애 인정… 13살차이 한일 커플",2ygl****
어우 희철이 부럽다. 잘살아라.,2020-01-02T04:27:48+0000,1,0,연합뉴스,"슈주 김희철·트와이스 모모, 열애 인정… 13살차이 한일 커플",joeh****
일단 김희철이 나보다 형이라는거에 놀랬다.,2020-01-02T04:26:54+0000,1,0,연합뉴스,"슈주 김희철·트와이스 모모, 열애 인정… 13살차이 한일 커플",jeon****
대박13살!!,2020-01-02T04:22:49+0000,1,0,연합뉴스,"슈주 김희철·트와이스 모모, 열애 인정… 13살차이 한일 커플",hjm7****
스시녀가 대세다.,2020-01-02T04:11:54+0000,1,0,연합뉴스,"슈주 김희철·트와이스 모모, 열애 인정… 13살차이 한일 커플",hoih****
나이차이..,2020-01-02T03:58:53+0000,1,0,연합뉴스,"슈주 김희철·트와이스 모모, 열애 인정… 13살차이 한일 커플",hj19****
좌파 김희철이 이시국에?,2020-01-02T03:32:48+0000,1,0,연합뉴스,"슈주 김희철·트와이스 모모, 열애 인정… 13살차이 한일 커플",gsll****
제발 조용히 사귀어라.기사화 시키지말고...,2020-01-02T03:29:13+0000,1,0,연합뉴스,"슈주 김희철·트와이스 모모, 열애 인정… 13살차이 한일 커플",oyi1****
일본남은 일본녀 데리고 살지마라하던데 한남은 일본녀가 좋다하는데 무엇이 그리도 좋은지,2020-01-02T03:25:46+0000,1,0,연합뉴스,"슈주 김희철·트와이스 모모, 열애 인정… 13살차이 한일 커플",yrsa****
부럽다. 일본여자 정말 참하고 착하다던데 ... 나도 얼른 돈벌어서 일본가서 일본여자랑 연애해야지... ㅡㅡㅡㅡㅡㅡㅡㅡㅡㅡㅡㅡㅡㅡㅡㅡㅡㅡㅡㅡㅡㅡㅡㅡㅡㅡㅡㅡㅡㅡㅡㅡㅡㅡㅡㅡㅡㅡㅡㅡㅡㅡㅡㅡㅡㅡㅡㅡㅡㅡㅡㅡㅡㅡㅡㅡㅡㅡㅡㅡㅡㅡㅡㅡㅡㅡㅡㅡㅡㅡㅡㅡㅡㅡㅡㅡㅡㅡㅡㅡㅡㅡㅡㅡㅡㅡㅡㅡㅡㅡㅡㅡㅡㅡㅡㅡㅡㅡㅡㅡㅡㅡㅡㅡㅡㅡㅡㅡㅡㅡㅡㅡㅡㅡㅡㅡㅡㅡㅡㅡㅡㅡㅡㅡ일본여자들 기다려라 ~~~~~~~~~~ ㅡㅡㅡㅡㅡㅡㅡㅡㅡㅡㅡㅡㅡㅡㅡㅡㅡㅡㅡㅡㅡㅡㅡㅡㅡㅡㅡㅡㅡㅡㅡㅡㅡㅡㅡㅡㅡㅡㅡㅡㅡㅡㅡㅡㅡㅡㅡㅡㅡㅡㅡㅡㅡㅡㅡㅡㅡㅡㅡㅡㅡㅡㅡㅡㅡ,2020-01-02T03:24:00+0000,1,0,연합뉴스,"슈주 김희철·트와이스 모모, 열애 인정… 13살차이 한일 커플",cjjo****
연예인 / 다른 국적의 커플이라 어려운 점도 많겠지만 희철님이 오빠인 만큼 잘 보듬어 행복하시면 좋겠네요.  모모님이 좀 어지럽혀도 청소에 너무 올인하지는 마시고요. ㅎㅎㅎ,2020-01-02T06:12:36+0000,1,0,연합뉴스,"슈주 김희철·트와이스 모모, 열애 인정… 13살차이 한일 커플",jitw****
잘어울려~~,2020-01-02T06:11:32+0000,1,0,연합뉴스,"슈주 김희철·트와이스 모모, 열애 인정… 13살차이 한일 커플",chjw****
스시녀는 일단 환영하고 본다.,2020-01-02T06:04:54+0000,1,0,연합뉴스,"슈주 김희철·트와이스 모모, 열애 인정… 13살차이 한일 커플",arch****
이왕이면 미사쯔도 한국놈들이 잘 알아서 데리고 살아라 한국남자의 기상을 드높여라,2020-01-02T06:03:17+0000,1,0,연합뉴스,"슈주 김희철·트와이스 모모, 열애 인정… 13살차이 한일 커플",agai****
하필 일본..,2020-01-02T05:42:32+0000,1,0,연합뉴스,"슈주 김희철·트와이스 모모, 열애 인정… 13살차이 한일 커플",eusu****
기왕사귀는거 결혼까지해라.. 중간에 해어져서 서로상처주지말고~~  모모~~안녕~~,2020-01-02T05:36:54+0000,1,0,연합뉴스,"슈주 김희철·트와이스 모모, 열애 인정… 13살차이 한일 커플",valh****
너무 잘어울린다 ㅋㅋㅋㅋㅋ,2020-01-02T05:33:58+0000,1,0,연합뉴스,"슈주 김희철·트와이스 모모, 열애 인정… 13살차이 한일 커플",dans****
을매나 귀여울까~ 니코니코니~~ 결혼해라 ㅎ,2020-01-02T05:30:27+0000,1,0,연합뉴스,"슈주 김희철·트와이스 모모, 열애 인정… 13살차이 한일 커플",falc****
나만희철이가아깝냐? 쯔위였음인정,2020-01-02T05:26:48+0000,1,0,연합뉴스,"슈주 김희철·트와이스 모모, 열애 인정… 13살차이 한일 커플",zia0****
역시 스시녀가 좋지,2020-01-02T02:29:55+0000,2,1,연합뉴스,"슈주 김희철·트와이스 모모, 열애 인정… 13살차이 한일 커플",myji****
여자는 역시 기모찌지..,2020-01-02T02:16:59+0000,2,1,연합뉴스,"슈주 김희철·트와이스 모모, 열애 인정… 13살차이 한일 커플",s012****
"우리나라도 남자 외모 좋고 능력만 있으면 미모에 갖출거 다 갖춘 여성들도 나이차를 특별히 의식하는것 같지는 않지만 일본은 특히 여성들이 나이차에 둔감한 사회임. 일본 최고톱스타인 우에토 아야, 마츠 다카코도 모두 남편이 16세 연상이다. 우리나라도 꼭 내세울거 없는 못생긴 여자들이 주로 이런 온라인상에서 나이가 어떠니 하면서 혼자 몽상하고 피해의식 표출하고 연예인들 나이차 비난하고 인신모욕조차 하던데 좀 지양해야 한다",2020-01-02T01:49:33+0000,2,1,연합뉴스,"슈주 김희철·트와이스 모모, 열애 인정… 13살차이 한일 커플",pros****
모모 뭐가아쉬워서 늙다리 아저씨랑 ㅠㅠ 1년 내 헤어진다에 모가지검 ..,2020-01-02T01:26:22+0000,2,1,연합뉴스,"슈주 김희철·트와이스 모모, 열애 인정… 13살차이 한일 커플",pure****
혹시라도 결혼생각있으면  방사능검사 잘받아보고 결정해라,2020-01-02T08:47:56+0000,1,0,연합뉴스,"슈주 김희철·트와이스 모모, 열애 인정… 13살차이 한일 커플",yoyo****
이시국에..,2020-01-02T08:36:32+0000,1,0,연합뉴스,"슈주 김희철·트와이스 모모, 열애 인정… 13살차이 한일 커플",econ****
트와이스중 이쁜애들많은데 왜모모지?? ㅋㅋ 쯔위나 사나 다현이런애들 이쁘구매력있는거같은데,2020-01-02T08:34:14+0000,1,0,연합뉴스,"슈주 김희철·트와이스 모모, 열애 인정… 13살차이 한일 커플",barb****
김희철 토착왜구 새기 자유한국당 지지할듯 ㅋ,2020-01-02T08:26:34+0000,1,0,연합뉴스,"슈주 김희철·트와이스 모모, 열애 인정… 13살차이 한일 커플",ss99****
이쁜사랑 하세요~^^,2020-01-02T08:25:47+0000,1,0,연합뉴스,"슈주 김희철·트와이스 모모, 열애 인정… 13살차이 한일 커플",mono****
ㅋㅋㅋㅋ 3~40대 댓글비율봐라 늙고찌든 것들끼리 자위질하는거불쌍... 너네가생각을 해봐라 김희철이 될수있을거같냐?,2020-01-02T08:18:50+0000,1,0,연합뉴스,"슈주 김희철·트와이스 모모, 열애 인정… 13살차이 한일 커플",misu****
김치보단 스시지 그럼그럼,2020-01-02T01:45:12+0000,5,4,연합뉴스,"슈주 김희철·트와이스 모모, 열애 인정… 13살차이 한일 커플",kaso****
하필 이 상황에서.....음.....,2020-01-02T00:49:26+0000,5,4,연합뉴스,"슈주 김희철·트와이스 모모, 열애 인정… 13살차이 한일 커플",sdh0****
일본산 불매운동이 한창인데 왜 하필 일본산 기집을 사귈까? 민나 도로보데쓰~!,2020-01-02T04:33:59+0000,4,3,연합뉴스,"슈주 김희철·트와이스 모모, 열애 인정… 13살차이 한일 커플",mjk7****
이시국에..,2020-01-02T00:48:47+0000,4,3,연합뉴스,"슈주 김희철·트와이스 모모, 열애 인정… 13살차이 한일 커플",jugn****
재는 근데 좌파면서 일본여자랑 사귀는거보면 신기하단말이야 ㅋㅋㅋㅋㅋㅋㅋㅋㅋ 좌파들 특징 반일하면서 일본문화 그누구보다 좋아함,2020-01-02T08:09:37+0000,3,2,연합뉴스,"슈주 김희철·트와이스 모모, 열애 인정… 13살차이 한일 커플",qlal****
기센 김치보단 스시가 낫지요,2020-01-02T02:31:05+0000,3,2,연합뉴스,"슈주 김희철·트와이스 모모, 열애 인정… 13살차이 한일 커플",nadi****
한국녀 아니라서 정말 부럽다  결혼해서 미친 장모 랑 쌍으로 신경 안써도 되고 얼마나 좋아,2020-01-02T01:43:42+0000,3,2,연합뉴스,"슈주 김희철·트와이스 모모, 열애 인정… 13살차이 한일 커플",pote****
이 기사에는 왜 반일국뽕들이 이시국에 일본여자와 사귀냐고 안대드는지 모르겠네.,2020-01-02T01:39:03+0000,3,2,연합뉴스,"슈주 김희철·트와이스 모모, 열애 인정… 13살차이 한일 커플",real****
무식한댓글 천지네 둘이 사랑하는대 타인들이 난리야 한일커플이면 어떻노 축복해주는게 정상이지 여기서 일본불매운동은 왜나와 ㅋ 인간대 인간 로맨스에,2020-01-02T07:51:23+0000,2,1,연합뉴스,"슈주 김희철·트와이스 모모, 열애 인정… 13살차이 한일 커플",lall****
"희철아 이제 너도 곧 40이다 38이면 나이값좀 해라 주접좀 싸지말고,,,40되면 아가리좀 닫고 살어 너무 깝치잖냐",2020-01-02T07:21:03+0000,2,1,연합뉴스,"슈주 김희철·트와이스 모모, 열애 인정… 13살차이 한일 커플",best****
어니 아직도 글씨를 못읽는 새끼들이있네 최근이라고했잖아 최근 열애설후부터 사귄거라고 빡대가리들아,2020-01-02T00:47:44+0000,0,0,연합뉴스,"슈주 김희철·트와이스 모모, 열애 인정… 13살차이 한일 커플",minj****
김희철 여사친많아가 연애힘들줄알았는데 일본인모모였네ㅎ 하긴 국내연예인들은아마 힘들었을것같았음,2020-01-02T00:47:24+0000,0,0,연합뉴스,"슈주 김희철·트와이스 모모, 열애 인정… 13살차이 한일 커플",mang****
그렇게 덕질하더니.... 진짜 커플됐네... 축하합니다,2020-01-02T00:46:40+0000,0,0,연합뉴스,"슈주 김희철·트와이스 모모, 열애 인정… 13살차이 한일 커플",dlsk****
죠르지마~~,2020-01-02T00:46:05+0000,0,0,연합뉴스,"슈주 김희철·트와이스 모모, 열애 인정… 13살차이 한일 커플",deli****
희철이형 축하해~~    -16년차 희철이형 팬이..,2020-01-02T00:41:06+0000,0,0,연합뉴스,"슈주 김희철·트와이스 모모, 열애 인정… 13살차이 한일 커플",bong****
와 진짜 응원해주고싶은 커플이 탄생했네요. 아는형님 기대됩니다ㅎㅎ,2020-01-02T00:40:27+0000,0,0,연합뉴스,"슈주 김희철·트와이스 모모, 열애 인정… 13살차이 한일 커플",tetr****
둘이 행복하길~,2020-01-02T00:40:17+0000,0,0,연합뉴스,"슈주 김희철·트와이스 모모, 열애 인정… 13살차이 한일 커플",can2****
니코니코니~할때부터 알아봤어ㅋㅋ,2020-01-02T00:39:55+0000,0,0,연합뉴스,"슈주 김희철·트와이스 모모, 열애 인정… 13살차이 한일 커플",mada****
희철은 성덕이네 ㅋㅋㅋㅋ,2020-01-02T00:39:32+0000,0,0,연합뉴스,"슈주 김희철·트와이스 모모, 열애 인정… 13살차이 한일 커플",se2i****
와 13살차이 .. 근데 이미 열애설 나올때 열애로 확정시 되던거 아니였나? 미우새 나올려고 할때 뜬거로 기억하는데,2020-01-02T00:37:35+0000,0,0,연합뉴스,"슈주 김희철·트와이스 모모, 열애 인정… 13살차이 한일 커플",yous****
"희철, 성덕 됐구만!!",2020-01-02T01:26:24+0000,0,0,연합뉴스,"슈주 김희철·트와이스 모모, 열애 인정… 13살차이 한일 커플",ubin****
난 육십살 연하가 더좋던데.영계좋아.영계.,2020-01-02T01:26:09+0000,0,0,연합뉴스,"슈주 김희철·트와이스 모모, 열애 인정… 13살차이 한일 커플",wigo****
나이는숫자일뿐,2020-01-02T01:25:30+0000,0,0,연합뉴스,"슈주 김희철·트와이스 모모, 열애 인정… 13살차이 한일 커플",lhs4****
희철이형은 인정,2020-01-02T01:24:43+0000,0,0,연합뉴스,"슈주 김희철·트와이스 모모, 열애 인정… 13살차이 한일 커플",yang****
흐 역시 김치녀&lt&lt&lt&lt&lt&lt&lt&lt&lt&lt&lt&lt넘사&lt&lt&lt&lt&lt&lt&lt&lt&lt&lt&lt&lt&lt&lt&lt&lt&lt&lt스시... 온갖 맛을 다본사람이 평가해부렸네,2020-01-02T01:23:45+0000,0,0,연합뉴스,"슈주 김희철·트와이스 모모, 열애 인정… 13살차이 한일 커플",eunh****
도둑놈,2020-01-02T01:22:59+0000,0,0,연합뉴스,"슈주 김희철·트와이스 모모, 열애 인정… 13살차이 한일 커플",logi****
모모 아직 30도 안됐네,2020-01-02T01:14:31+0000,0,0,연합뉴스,"슈주 김희철·트와이스 모모, 열애 인정… 13살차이 한일 커플",wkdg****
니코니코니~,2020-01-02T01:09:21+0000,0,0,연합뉴스,"슈주 김희철·트와이스 모모, 열애 인정… 13살차이 한일 커플",z_z0****
생각보다 나이많고 생각보다 어리네,2020-01-02T01:06:03+0000,0,0,연합뉴스,"슈주 김희철·트와이스 모모, 열애 인정… 13살차이 한일 커플",stra****
축하해 희철아~~,2020-01-02T01:05:44+0000,0,0,연합뉴스,"슈주 김희철·트와이스 모모, 열애 인정… 13살차이 한일 커플",lggs****
이 시국에?,2020-01-02T03:16:34+0000,1,0,연합뉴스,"슈주 김희철·트와이스 모모, 열애 인정… 13살차이 한일 커플",bonn****
희철이 변태네...하필 일본이냐?,2020-01-02T03:11:30+0000,1,0,연합뉴스,"슈주 김희철·트와이스 모모, 열애 인정… 13살차이 한일 커플",yern****
와아 김희철 모모개인기 니코니코니~매일 하더니ㅋㅋㅋㅋㅋㅋ둘이 잘어울림! 이쁘게 만나길ㅎㅎ,2020-01-02T01:48:10+0000,0,0,연합뉴스,"슈주 김희철·트와이스 모모, 열애 인정… 13살차이 한일 커플",asfa****
띠동갑 + 1 대단하세요.  축하합니다,2020-01-02T01:47:52+0000,0,0,연합뉴스,"슈주 김희철·트와이스 모모, 열애 인정… 13살차이 한일 커플",knho****
헐 아니라더니 ㅋㅋㅋㅋㅋ 대박,2020-01-02T01:47:39+0000,0,0,연합뉴스,"슈주 김희철·트와이스 모모, 열애 인정… 13살차이 한일 커플",juli****
오~~~희철이! 사랑하는구나..아형 형님들도 좋아하고 놀리겠는걸.. 축하해요..둘다 이쁘니 이쁜사랑하세요 오래오래 사귀삼..잘어울리네요,2020-01-02T01:47:08+0000,0,0,연합뉴스,"슈주 김희철·트와이스 모모, 열애 인정… 13살차이 한일 커플",cy00****
한국보단 일본에서 더 화제가 될듯.,2020-01-02T01:46:30+0000,0,0,연합뉴스,"슈주 김희철·트와이스 모모, 열애 인정… 13살차이 한일 커플",wisd****
김희철이 나이가 꽤 만쿠나 아직도 20대인줄알았음~ 잘해서 결혼도  햬요~,2020-01-02T01:45:38+0000,0,0,연합뉴스,"슈주 김희철·트와이스 모모, 열애 인정… 13살차이 한일 커플",sosi****
"희철이가 꼴페미 상폐 한녀들 마음에  대못을 치는구나,,, 연예인이 이래도 되나,,,    열폭하는 한녀 하나 구해줘야되는거 아냐,,,",2020-01-02T01:44:23+0000,0,0,연합뉴스,"슈주 김희철·트와이스 모모, 열애 인정… 13살차이 한일 커플",jwc0****
부럽다,2020-01-02T01:44:13+0000,0,0,연합뉴스,"슈주 김희철·트와이스 모모, 열애 인정… 13살차이 한일 커플",zhxh****
짤 손 모앙 의도한 거냐 ㅋㅋㅋ 주간아이돌에서 모모 니코니코니에 좋아미치는 짤방 생각난다 ㅋㅋㅋ,2020-01-02T01:43:39+0000,0,0,연합뉴스,"슈주 김희철·트와이스 모모, 열애 인정… 13살차이 한일 커플",snfw****
어쩐지 몇이전 TV 뭔가 보는데 인터뷰같은건데 김희철은 아무렇지 않은데 모모의 반응이~ 약간 이상하더라니,2020-01-02T01:43:22+0000,0,0,연합뉴스,"슈주 김희철·트와이스 모모, 열애 인정… 13살차이 한일 커플",ntwo****
Zㅗ르Zㅣ마~  할때는 진짜 아닌것같았는데ㅋㅋ,2020-01-02T02:06:57+0000,0,0,연합뉴스,"슈주 김희철·트와이스 모모, 열애 인정… 13살차이 한일 커플",dlst****
희철아 이젠 한 여자만 보고 사랑하고 행복해야 한다.~~~♥,2020-01-02T02:04:31+0000,0,0,연합뉴스,"슈주 김희철·트와이스 모모, 열애 인정… 13살차이 한일 커플",saim****
어쩐지 트와이스 유독 잘챙기더라 ㅋㅋ,2020-01-02T02:03:38+0000,0,0,연합뉴스,"슈주 김희철·트와이스 모모, 열애 인정… 13살차이 한일 커플",gdg4****
어울리긴 함,2020-01-02T02:03:35+0000,0,0,연합뉴스,"슈주 김희철·트와이스 모모, 열애 인정… 13살차이 한일 커플",teod****
예쁜 사랑하세요. 행복하시고요. 미우새 희철엄마 인상도 좋으시던데 흐뭇하시겠습니다.,2020-01-02T02:03:22+0000,0,0,연합뉴스,"슈주 김희철·트와이스 모모, 열애 인정… 13살차이 한일 커플",ajmy****
"그래서 머 어쪄라고, 딴따라들 관심없다 관심없다",2020-01-02T02:03:05+0000,0,0,연합뉴스,"슈주 김희철·트와이스 모모, 열애 인정… 13살차이 한일 커플",nawa****
소녀시대가 아형나와서 김희철 한그룹에 두명사겼는데 그그룹 아형나온거보고 놀랐다 그러던데 아이돌킬러인듯ㅎㅎ,2020-01-02T02:00:35+0000,0,0,연합뉴스,"슈주 김희철·트와이스 모모, 열애 인정… 13살차이 한일 커플",gene****
관심없다 이런 기사... 지네들끼리 저러다 말면 그만일텐데...,2020-01-02T02:00:03+0000,0,0,연합뉴스,"슈주 김희철·트와이스 모모, 열애 인정… 13살차이 한일 커플",goga****
그렇치 이런 관심 안가지는 게 저커플 오래 사귀는 길이다 다들 관심 꺼라!,2020-01-02T01:59:16+0000,0,0,연합뉴스,"슈주 김희철·트와이스 모모, 열애 인정… 13살차이 한일 커플",pomp****
슈주는  여자후배들 다 찔러보는듯 ㅋㅋ,2020-01-02T01:58:41+0000,0,0,연합뉴스,"슈주 김희철·트와이스 모모, 열애 인정… 13살차이 한일 커플",cham****
루머인줄 알앗는데 진짜구나..... 모모야 ㅠㅠ,2020-01-02T01:57:24+0000,0,0,연합뉴스,"슈주 김희철·트와이스 모모, 열애 인정… 13살차이 한일 커플",jhom****
이 시국에...잘살아라~,2020-01-02T02:31:09+0000,0,0,연합뉴스,"슈주 김희철·트와이스 모모, 열애 인정… 13살차이 한일 커플",dong****
축하한다 희철아 부럽다 ㅋㅋ 매일밤 행복하겠노.. 결혼해라 ~,2020-01-02T02:30:59+0000,0,0,연합뉴스,"슈주 김희철·트와이스 모모, 열애 인정… 13살차이 한일 커플",gudf****
추카추카 결혼하고도 계속 지금 그대로 모습 보여줘라.. 근데 축서단 어케하고....ㅎㅎ,2020-01-02T02:29:14+0000,0,0,연합뉴스,"슈주 김희철·트와이스 모모, 열애 인정… 13살차이 한일 커플",yjpa****
"이형 일본인여자친구사귀고싶다했는데, 말을 현실로 만들어버리셨네 ㅎㅎㅎ 축하합니다!",2020-01-02T02:28:34+0000,0,0,연합뉴스,"슈주 김희철·트와이스 모모, 열애 인정… 13살차이 한일 커플",icip****
아형때부터 알아봤다ᆢ부럽다ㅋㅋ,2020-01-02T02:27:41+0000,0,0,연합뉴스,"슈주 김희철·트와이스 모모, 열애 인정… 13살차이 한일 커플",wcw1****
결혼해서 잘  살길.. 너무 결벽하면 여자가 힘들어용~~ㅎㅎ 주부입장에서 볼때는 같이 살기 힘든 성격일거 같던데 사랑하는 사람을 위해서 많이 포기하시길...,2020-01-02T02:27:34+0000,0,0,연합뉴스,"슈주 김희철·트와이스 모모, 열애 인정… 13살차이 한일 커플",juli****
김희철 나이가 37이엇어?? 30초반인줄ㄷㄷ,2020-01-02T02:23:52+0000,0,0,연합뉴스,"슈주 김희철·트와이스 모모, 열애 인정… 13살차이 한일 커플",psj9****
여자분 넘이쁘네요~~ 선남선녀 잘어울림!!,2020-01-02T02:23:02+0000,0,0,연합뉴스,"슈주 김희철·트와이스 모모, 열애 인정… 13살차이 한일 커플",sinb****
기미철 츄카해 크흣 ㅋㅋ,2020-01-02T02:22:34+0000,0,0,연합뉴스,"슈주 김희철·트와이스 모모, 열애 인정… 13살차이 한일 커플",msju****
혼또니....아이...시떼루?........,2020-01-02T02:20:52+0000,0,0,연합뉴스,"슈주 김희철·트와이스 모모, 열애 인정… 13살차이 한일 커플",msda****
희철아 위안부 할매들 위해 쪽발년 졸라 먹어라,2020-01-02T02:52:34+0000,0,0,연합뉴스,"슈주 김희철·트와이스 모모, 열애 인정… 13살차이 한일 커플",spsp****
잘어울려서 뭐 딱히 할말이 없네:  행복하세요 니코니코니,2020-01-02T02:52:33+0000,0,0,연합뉴스,"슈주 김희철·트와이스 모모, 열애 인정… 13살차이 한일 커플",lawc****
사나정연미나쯔위만 아님된다. 모모 지효 나연 채영은 상관없다,2020-01-02T02:51:47+0000,0,0,연합뉴스,"슈주 김희철·트와이스 모모, 열애 인정… 13살차이 한일 커플",kimd****
축하드립니다~ 저도 13살 연하의 여성분을 마음에 두고 있는데 희망과 용기를 가져봅니다 ^^,2020-01-02T02:51:31+0000,0,0,연합뉴스,"슈주 김희철·트와이스 모모, 열애 인정… 13살차이 한일 커플",ever****
"모모가 아깝다.근데 티비연예로 고고.왜 이런기사가 뉴스에 있는지,,,,,애들보는 칸으로 꺼져!",2020-01-02T02:51:01+0000,0,0,연합뉴스,"슈주 김희철·트와이스 모모, 열애 인정… 13살차이 한일 커플",hhk4****
예쁜사랑 하세염♡♡♡♡♡,2020-01-02T02:50:58+0000,0,0,연합뉴스,"슈주 김희철·트와이스 모모, 열애 인정… 13살차이 한일 커플",your****
아빠같은 듬직한 남자가  좋을나이긴함 다방면의 많은 사람과 연예해보는게 좋지,2020-01-02T02:50:51+0000,0,0,연합뉴스,"슈주 김희철·트와이스 모모, 열애 인정… 13살차이 한일 커플",0070****
결국 이섀키도 어린여자 좋아하는군 ㅉ,2020-01-02T02:49:30+0000,0,0,연합뉴스,"슈주 김희철·트와이스 모모, 열애 인정… 13살차이 한일 커플",kool****
ㅋㅋㅋㅋㅋㅋㅋㅋㅋㅋ개웃기너,2020-01-02T02:48:51+0000,0,0,연합뉴스,"슈주 김희철·트와이스 모모, 열애 인정… 13살차이 한일 커플",oliv****
어어? 이시국에........ 축하드립니다. 사랑엔 국경은 존재하지 않지요.,2020-01-02T02:47:48+0000,0,0,연합뉴스,"슈주 김희철·트와이스 모모, 열애 인정… 13살차이 한일 커플",at99****
곧 보배드림에 쪽바리라고 좌표 찍힐듯,2020-01-02T02:47:42+0000,0,0,연합뉴스,"슈주 김희철·트와이스 모모, 열애 인정… 13살차이 한일 커플",babb****
가로세로연구소의 김용호 연예부장이 먼저 예고를 하는 바람에 김빠져서 디스패치가 올해는 그냥 넘어가려 했는데 어떻게든 공개가 됐네..,2020-01-02T03:15:03+0000,0,0,연합뉴스,"슈주 김희철·트와이스 모모, 열애 인정… 13살차이 한일 커플",ghue****
모모가 연예계에서 그나마 때묻지않아 보이긴하다 일본출신 아이돌이 순수해보여 희한해 희철이가 여자아이돌들 한두명을 봤겠냐 그중에 보석을 고른거겠지,2020-01-02T03:11:42+0000,0,0,연합뉴스,"슈주 김희철·트와이스 모모, 열애 인정… 13살차이 한일 커플",flow****
다 늙어서 나이 처먹고 애한테 뭔짓이냐?,2020-01-02T03:10:47+0000,0,0,연합뉴스,"슈주 김희철·트와이스 모모, 열애 인정… 13살차이 한일 커플",ckat****
희철이 이놈 넘 깔끔 떨어서 안되겠던데~~ 심각하던데,2020-01-02T03:10:24+0000,0,0,연합뉴스,"슈주 김희철·트와이스 모모, 열애 인정… 13살차이 한일 커플",hong****
위안부 할매들 복수 좀...쪽발년 졸라 먹고 버려라,2020-01-02T03:10:12+0000,0,0,연합뉴스,"슈주 김희철·트와이스 모모, 열애 인정… 13살차이 한일 커플",spsp****
축하해요  좋은소식 기다릴께요~,2020-01-02T03:08:42+0000,0,0,연합뉴스,"슈주 김희철·트와이스 모모, 열애 인정… 13살차이 한일 커플",akk1****
안대  희철아ㅜㅜ,2020-01-02T03:08:23+0000,0,0,연합뉴스,"슈주 김희철·트와이스 모모, 열애 인정… 13살차이 한일 커플",l822****
휴 사나 아니라 다행,2020-01-02T03:06:16+0000,0,0,연합뉴스,"슈주 김희철·트와이스 모모, 열애 인정… 13살차이 한일 커플",toms****
"아,,,c바색키. 연예인뉴스로 쫌 꺼지라고!",2020-01-02T03:05:25+0000,0,0,연합뉴스,"슈주 김희철·트와이스 모모, 열애 인정… 13살차이 한일 커플",hhk4****
행복해보여요~~화이팅!,2020-01-02T03:05:15+0000,0,0,연합뉴스,"슈주 김희철·트와이스 모모, 열애 인정… 13살차이 한일 커플",yng1****
잠깐만 씨레기 빨갱이들에게 욕 한번 할게요... ㄷ ㅐㄱ ㅏㄹ ㅣㅇ ㅔ 뽕 세뇌 처맞은 좌좀들아.. 왜구라고 놀리고 왕따 적폐취급해야제 ? 문재앙 쉑 키 랑 좌좀 쉑 키 들 은 ... 이나라에서 추방해야된다 극혐이다.........  희철. 모모 한일간 국제사랑 축하드립니다. 행복하세욘 ...,2020-01-02T03:54:15+0000,0,0,연합뉴스,"슈주 김희철·트와이스 모모, 열애 인정… 13살차이 한일 커플",miyo****
오호. 희철이 너니깐 봐준다. 잘해보레이 은근 잘어울리네 언젠가 뭔가 터질줄았지 샤샤샤 할때부터.,2020-01-02T03:51:53+0000,0,0,연합뉴스,"슈주 김희철·트와이스 모모, 열애 인정… 13살차이 한일 커플",maru****
얘들은 욕 안하냐? 나이차 많다고 ㅋㅋ 희모남불 ㅋㅋㅋㅋ,2020-01-02T03:49:35+0000,0,0,연합뉴스,"슈주 김희철·트와이스 모모, 열애 인정… 13살차이 한일 커플",imeo****
한국의 20대 여성 2명 중 1명은 페미니스트 www.hankyung.com/society/amp/201901155296Y 2030 여성 물질주의 가장 심하고 행복감 가장 낮아 m.yna.co.kr/amp/view/AKR20190409125700005 이런 끔찍하고 절망적인 현실 속에서 김희철이 가장 바람직한 선택을 했다고 봐도 되죠? 국제커플 행복하게 오래오래 가길,2020-01-02T03:47:47+0000,0,0,연합뉴스,"슈주 김희철·트와이스 모모, 열애 인정… 13살차이 한일 커플",bobo****
결국 2d 보다는 3d를 선택했구나.,2020-01-02T03:46:38+0000,0,0,연합뉴스,"슈주 김희철·트와이스 모모, 열애 인정… 13살차이 한일 커플",wonh****
슈쥬 아직도 음악 활동 하나요 ?? 가요 프로그램 보다는 일반 프로에 많이 나와서 슈쥬 해체 한줄 알었는데 ㅋㅋㅋ,2020-01-02T03:45:40+0000,0,0,연합뉴스,"슈주 김희철·트와이스 모모, 열애 인정… 13살차이 한일 커플",youn****
https://youtu.be/fCl2PyCIHTg,2020-01-02T03:39:25+0000,0,0,연합뉴스,"슈주 김희철·트와이스 모모, 열애 인정… 13살차이 한일 커플",noka****
니코니코니~~에 반했네ㅋㅋ,2020-01-02T03:39:08+0000,0,0,연합뉴스,"슈주 김희철·트와이스 모모, 열애 인정… 13살차이 한일 커플",doll****
앜... 모모링 제일 팬인데ㅠㅠ 근데 김희철이라면 잘 어울림 ㅎㅎㅎㅎㅎ 죠르즤마~~~ㅋㅋㅋㅋㅋ,2020-01-02T03:38:40+0000,0,0,연합뉴스,"슈주 김희철·트와이스 모모, 열애 인정… 13살차이 한일 커플",jay_****
게이가 뻥치면 곤란하네요,2020-01-02T03:38:04+0000,0,0,연합뉴스,"슈주 김희철·트와이스 모모, 열애 인정… 13살차이 한일 커플",nova****
ㄹㅇ 개잘어울린다이기야,2020-01-02T04:33:06+0000,0,0,연합뉴스,"슈주 김희철·트와이스 모모, 열애 인정… 13살차이 한일 커플",cjb2****
아오 김희철 부럽다...,2020-01-02T04:27:03+0000,0,0,연합뉴스,"슈주 김희철·트와이스 모모, 열애 인정… 13살차이 한일 커플",tose****
결혼해라,2020-01-02T04:26:27+0000,0,0,연합뉴스,"슈주 김희철·트와이스 모모, 열애 인정… 13살차이 한일 커플",iesh****
야메떼 구다사이~~,2020-01-02T04:25:18+0000,0,0,연합뉴스,"슈주 김희철·트와이스 모모, 열애 인정… 13살차이 한일 커플",kcm7****
선남선녀의 만남.. .. 천생연분.,2020-01-02T04:21:38+0000,0,0,연합뉴스,"슈주 김희철·트와이스 모모, 열애 인정… 13살차이 한일 커플",east****
축하해요~♥,2020-01-02T04:20:52+0000,0,0,연합뉴스,"슈주 김희철·트와이스 모모, 열애 인정… 13살차이 한일 커플",kjh0****
김희철이 이제 게임 접는건가?,2020-01-02T04:20:51+0000,0,0,연합뉴스,"슈주 김희철·트와이스 모모, 열애 인정… 13살차이 한일 커플",ter7****
이시국에..!독립운동은 못해도 불매운동은 한닷!,2020-01-02T04:19:32+0000,0,0,연합뉴스,"슈주 김희철·트와이스 모모, 열애 인정… 13살차이 한일 커플",gent****
방송에서 드러나는 태도 같은거 보면 김희철 만큼 정신 제대로 박혔다 싶은애도 별로 없지.  추카츄카,2020-01-02T04:19:26+0000,0,0,연합뉴스,"슈주 김희철·트와이스 모모, 열애 인정… 13살차이 한일 커플",kang****
나도 일본여자만날거,2020-01-02T04:18:22+0000,0,0,연합뉴스,"슈주 김희철·트와이스 모모, 열애 인정… 13살차이 한일 커플",ccy0****
안돼.,2020-01-02T04:16:55+0000,0,0,연합뉴스,"슈주 김희철·트와이스 모모, 열애 인정… 13살차이 한일 커플",pisi****
일베 욕하는 꾼들 부들부들 하겠네 ㅋㅋㅋ,2020-01-02T04:54:40+0000,0,0,연합뉴스,"슈주 김희철·트와이스 모모, 열애 인정… 13살차이 한일 커플",wls8****
게이인척했는데 딱걸림 ㅋㅋㅋㅋㅋ 난희철이형 좋더라 남자는 여자를 좋아해야지요  축하축하,2020-01-02T04:54:36+0000,0,0,연합뉴스,"슈주 김희철·트와이스 모모, 열애 인정… 13살차이 한일 커플",juwo****
축하드려요~~ 남들 신경 쓰지말고 행복한 사랑하세요 ❤️,2020-01-02T04:54:34+0000,0,0,연합뉴스,"슈주 김희철·트와이스 모모, 열애 인정… 13살차이 한일 커플",chae****
ㅎㅎ행복하세요 희철행님도 이제 갈때가 됐지요ㅎㅎ,2020-01-02T04:54:02+0000,0,0,연합뉴스,"슈주 김희철·트와이스 모모, 열애 인정… 13살차이 한일 커플",cjoo****
사실 조짐이 있긴 했지. 희철이 형이 일본 애니에 관심이 많은 거도 있지만 왜 모모하고만 접점이 있는지가 의문이었지. 사나와 미나하고는 그닥 접점이 없었음. 그래서 혹시나 했는데 부정해서 아닌가 그러다가 결국은 역시나네.,2020-01-02T04:53:50+0000,0,0,연합뉴스,"슈주 김희철·트와이스 모모, 열애 인정… 13살차이 한일 커플",chor****
희철이  바보  저런  평범한  여자랑  사귀다니  모모  치아  교정하고  의치인가  확인해보길,2020-01-02T04:53:15+0000,0,0,연합뉴스,"슈주 김희철·트와이스 모모, 열애 인정… 13살차이 한일 커플",lee1****
미우새는 계속나오는건가 새로운사람 나왔으면 좋겠네,2020-01-02T04:52:46+0000,0,0,연합뉴스,"슈주 김희철·트와이스 모모, 열애 인정… 13살차이 한일 커플",sldh****
ㅇㄹㄱ,2020-01-02T04:52:46+0000,0,0,연합뉴스,"슈주 김희철·트와이스 모모, 열애 인정… 13살차이 한일 커플",jyhe****
희철이는 그래도대,2020-01-02T04:51:36+0000,0,0,연합뉴스,"슈주 김희철·트와이스 모모, 열애 인정… 13살차이 한일 커플",tlsg****
흰철이 축하합니다,2020-01-02T01:42:57+0000,0,0,연합뉴스,"슈주 김희철·트와이스 모모, 열애 인정… 13살차이 한일 커플",kora****
굿굿~~  이쁜만남 하쇼~~,2020-01-02T01:42:24+0000,0,0,연합뉴스,"슈주 김희철·트와이스 모모, 열애 인정… 13살차이 한일 커플",socc****
그냥 어제 인정 하지~~~사랑엔 국경도 나이도 초월하는법~ 젊은청춘들이 사랑하며 살아야지 이뿐사랑 하세요~~,2020-01-02T01:41:43+0000,0,0,연합뉴스,"슈주 김희철·트와이스 모모, 열애 인정… 13살차이 한일 커플",ojhy****
13살이고..??? 헐,2020-01-02T01:41:41+0000,0,0,연합뉴스,"슈주 김희철·트와이스 모모, 열애 인정… 13살차이 한일 커플",answ****
일본 극우들 난리가 나겠네,2020-01-02T01:41:18+0000,0,0,연합뉴스,"슈주 김희철·트와이스 모모, 열애 인정… 13살차이 한일 커플",lhs5****
두 여자가 사귄데. 얼마나 오래 갈까싶다,2020-01-02T01:40:38+0000,0,0,연합뉴스,"슈주 김희철·트와이스 모모, 열애 인정… 13살차이 한일 커플",echo****
둘이 집 데이트 하면 계속 드라마보고 애니보고 롤 듀오 하겠지?,2020-01-02T01:40:11+0000,0,0,연합뉴스,"슈주 김희철·트와이스 모모, 열애 인정… 13살차이 한일 커플",zlz3****
또 따였네~,2020-01-02T01:40:07+0000,0,0,연합뉴스,"슈주 김희철·트와이스 모모, 열애 인정… 13살차이 한일 커플",banm****
석천이형과는 아니었네,2020-01-02T01:40:07+0000,0,0,연합뉴스,"슈주 김희철·트와이스 모모, 열애 인정… 13살차이 한일 커플",aprk****
유통기한이 궁금,2020-01-02T01:53:38+0000,0,0,연합뉴스,"슈주 김희철·트와이스 모모, 열애 인정… 13살차이 한일 커플",kkjh****
김희철이 친일이고 적폐다 ----죠센징들,2020-01-02T01:50:40+0000,0,0,연합뉴스,"슈주 김희철·트와이스 모모, 열애 인정… 13살차이 한일 커플",yitu****
...부럽읍니다,2020-01-02T01:50:12+0000,0,0,연합뉴스,"슈주 김희철·트와이스 모모, 열애 인정… 13살차이 한일 커플",nyan****
안타깝네요..댓글 심각합니다. 댓글 실명제 딱 1분기만 실시해 봅시다.,2020-01-02T01:50:05+0000,0,0,연합뉴스,"슈주 김희철·트와이스 모모, 열애 인정… 13살차이 한일 커플",yona****
축하축하~~,2020-01-02T01:49:44+0000,0,0,연합뉴스,"슈주 김희철·트와이스 모모, 열애 인정… 13살차이 한일 커플",yipp****
모모노스케,2020-01-02T01:48:54+0000,0,0,연합뉴스,"슈주 김희철·트와이스 모모, 열애 인정… 13살차이 한일 커플",dja4****
결국 사귀군,2020-01-02T01:48:49+0000,0,0,연합뉴스,"슈주 김희철·트와이스 모모, 열애 인정… 13살차이 한일 커플",mut7****
빠가 다운증후군 도둑질 잘하는  도둑놈  세끼       도둑질  솔루션  하고다니는   백종원           씹               팔    OOO 랑  같이   다니는   애들은  왜  이런 ㅇ ㅐ들 뿐이없지 ?  ㅋ  희철아  사적인 이야기는   일본말로   하니?ㅋㅋ,2020-01-02T01:48:26+0000,0,0,연합뉴스,"슈주 김희철·트와이스 모모, 열애 인정… 13살차이 한일 커플",yskt****
일본정복,2020-01-02T01:48:16+0000,0,0,연합뉴스,"슈주 김희철·트와이스 모모, 열애 인정… 13살차이 한일 커플",ovic****
나도 일본여자 만나고싶다...하지만 어림도 없지,2020-01-02T02:17:04+0000,0,0,연합뉴스,"슈주 김희철·트와이스 모모, 열애 인정… 13살차이 한일 커플",kira****
연예의 맛 출연후 아내의 맛 출연뒤 슈퍼맨이 돌아왔다까지 출연하시길~~,2020-01-02T02:16:56+0000,0,0,연합뉴스,"슈주 김희철·트와이스 모모, 열애 인정… 13살차이 한일 커플",ca30****
모모는 철부지가?방랑자가?~,2020-01-02T02:15:00+0000,0,0,연합뉴스,"슈주 김희철·트와이스 모모, 열애 인정… 13살차이 한일 커플",jd13****
ㅋㅋㅋㅋ 남자분 전형적인 얼빠로알고있는데  얼빠는믿거인거모르나,2020-01-02T02:12:21+0000,0,0,연합뉴스,"슈주 김희철·트와이스 모모, 열애 인정… 13살차이 한일 커플",pjh1****
이시국에~~~~@@,2020-01-02T02:12:20+0000,0,0,연합뉴스,"슈주 김희철·트와이스 모모, 열애 인정… 13살차이 한일 커플",boba****
이제 슬슬 이시국 드립 나올때 되었는데,2020-01-02T02:12:11+0000,0,0,연합뉴스,"슈주 김희철·트와이스 모모, 열애 인정… 13살차이 한일 커플",city****
ㅅㅂㅋㅋㅋ 아니라며!!!!!!,2020-01-02T02:10:20+0000,0,0,연합뉴스,"슈주 김희철·트와이스 모모, 열애 인정… 13살차이 한일 커플",dwy1****
축하 드립니다 ᆢ,2020-01-02T02:10:07+0000,0,0,연합뉴스,"슈주 김희철·트와이스 모모, 열애 인정… 13살차이 한일 커플",tm72****
nippon 뇬 밤에 죠져부러! 니가애국자다!!,2020-01-02T02:09:51+0000,0,0,연합뉴스,"슈주 김희철·트와이스 모모, 열애 인정… 13살차이 한일 커플",craz****
철 좀 들어라...,2020-01-02T02:07:36+0000,0,0,연합뉴스,"슈주 김희철·트와이스 모모, 열애 인정… 13살차이 한일 커플",kaal****
미우새 중국 드라마 보연서 중국여자 좋아한다더니  또 일본 여자로 갈아 탓네요 ㅋㅋ 뭡니까 ?? 중국 이야 일본이야 하나만 선택해 ㅋㅋ,2020-01-02T02:47:39+0000,0,0,연합뉴스,"슈주 김희철·트와이스 모모, 열애 인정… 13살차이 한일 커플",tla7****
이럴수가 김희철이 새해부터 ...ㅋㅋㅋㅋ 짜식....,2020-01-02T02:44:16+0000,0,0,연합뉴스,"슈주 김희철·트와이스 모모, 열애 인정… 13살차이 한일 커플",reds****
니코니코니,2020-01-02T02:43:36+0000,0,0,연합뉴스,"슈주 김희철·트와이스 모모, 열애 인정… 13살차이 한일 커플",rams****
야매떼~~,2020-01-02T02:43:23+0000,0,0,연합뉴스,"슈주 김희철·트와이스 모모, 열애 인정… 13살차이 한일 커플",df12****
둘이 잘 사귐 좋은거지~~ 이쁘게 사귀길,2020-01-02T02:41:40+0000,0,0,연합뉴스,"슈주 김희철·트와이스 모모, 열애 인정… 13살차이 한일 커플",fork****
"모모가 외칩니다.  "" 나이요~! 젯다이 나이데스!  난다 아노 야로와?!""",2020-01-02T02:37:59+0000,0,0,연합뉴스,"슈주 김희철·트와이스 모모, 열애 인정… 13살차이 한일 커플",kimg****
미우새 나오지마 ㅋ,2020-01-02T02:37:11+0000,0,0,연합뉴스,"슈주 김희철·트와이스 모모, 열애 인정… 13살차이 한일 커플",nami****
여자는 일본 여자가 좋은거지  우리나라 김치는 열등 시기주의 심각하고 무성욕주의  반항심 아무튼 별로고 베트공 캄보디아나 인도네시아는 너무 마르고 키작고  중국인이나 티베트인 혼혈이 좀 몸매나 특히 얼굴이 이쁨  원숭이 인도네시안은 더 못생긴 원시인 육덕진 체형의 파푸아 흑인이나 호주 애보리진과  혼혈되면 젖통 커지고 그때부터 육감미가 나오는데 인도네시아 보다는 한국인과 파푸아가   혼혈되면 더 미녀가 나올거라고 생각됨 남자 꼬지도 커질거야 더!!,2020-01-02T02:36:20+0000,0,0,연합뉴스,"슈주 김희철·트와이스 모모, 열애 인정… 13살차이 한일 커플",trsp****
1+1소개팅은?연기였나?,2020-01-02T02:31:59+0000,0,0,연합뉴스,"슈주 김희철·트와이스 모모, 열애 인정… 13살차이 한일 커플",oojs****
13살차이 일본인 별로다,2020-01-02T03:05:03+0000,0,0,연합뉴스,"슈주 김희철·트와이스 모모, 열애 인정… 13살차이 한일 커플",wlgm****
자기주장쌘 쉰김치녀 조꺼튼거 만날바에 착하고 순종적이고 가정적인 일본녀가 최고지 희철이 나라구햇내 부럽다,2020-01-02T03:03:43+0000,0,0,연합뉴스,"슈주 김희철·트와이스 모모, 열애 인정… 13살차이 한일 커플",hjw7****
현명하네,2020-01-02T03:03:11+0000,0,0,연합뉴스,"슈주 김희철·트와이스 모모, 열애 인정… 13살차이 한일 커플",kawa****
대박! 멋지고 잘 어울려요♡,2020-01-02T03:00:27+0000,0,0,연합뉴스,"슈주 김희철·트와이스 모모, 열애 인정… 13살차이 한일 커플",nana****
희철이가 아깝다..,2020-01-02T03:00:18+0000,0,0,연합뉴스,"슈주 김희철·트와이스 모모, 열애 인정… 13살차이 한일 커플",elff****
말이되? 소가되? 닭이되?,2020-01-02T02:59:08+0000,0,0,연합뉴스,"슈주 김희철·트와이스 모모, 열애 인정… 13살차이 한일 커플",oror****
희철이는 적령기다만 mm나이 어려서 결혼까지는 어렵게따 ㅠ,2020-01-02T02:56:54+0000,0,0,연합뉴스,"슈주 김희철·트와이스 모모, 열애 인정… 13살차이 한일 커플",legi****
걍 개랑 계속살아라,2020-01-02T02:56:41+0000,0,0,연합뉴스,"슈주 김희철·트와이스 모모, 열애 인정… 13살차이 한일 커플",ckj4****
이제 돈 있고 능력있는 한국 남자는 국산여자 별로 안 좋아하는거 같다.. 그게 맞지,2020-01-02T02:56:27+0000,0,0,연합뉴스,"슈주 김희철·트와이스 모모, 열애 인정… 13살차이 한일 커플",tayl****
음 좋은 결말 기대해 봅니다,2020-01-02T02:52:36+0000,0,0,연합뉴스,"슈주 김희철·트와이스 모모, 열애 인정… 13살차이 한일 커플",podo****
아주오래 가길 바라며 행복하시길 부탁드려요.,2020-01-02T03:30:22+0000,0,0,연합뉴스,"슈주 김희철·트와이스 모모, 열애 인정… 13살차이 한일 커플",m010****
에또...이시국상,2020-01-02T03:30:21+0000,0,0,연합뉴스,"슈주 김희철·트와이스 모모, 열애 인정… 13살차이 한일 커플",zosd****
그렇게 졸라대더니...,2020-01-02T03:29:10+0000,0,0,연합뉴스,"슈주 김희철·트와이스 모모, 열애 인정… 13살차이 한일 커플",troy****
모모는철부지 모모는무지개 모모는삶을 쫓아가는 시계바늘이다...,2020-01-02T03:27:53+0000,0,0,연합뉴스,"슈주 김희철·트와이스 모모, 열애 인정… 13살차이 한일 커플",anrk****
야이  나쁜부러운 김희철...,2020-01-02T03:22:20+0000,0,0,연합뉴스,"슈주 김희철·트와이스 모모, 열애 인정… 13살차이 한일 커플",hide****
모모 나는 어쩌라고~~,2020-01-02T03:21:30+0000,0,0,연합뉴스,"슈주 김희철·트와이스 모모, 열애 인정… 13살차이 한일 커플",k781****
누가 더 손해?,2020-01-02T03:20:43+0000,0,0,연합뉴스,"슈주 김희철·트와이스 모모, 열애 인정… 13살차이 한일 커플",rkdx****
설리도 좋은 댓글만 받았다면  쓰레기들때문에 저주한다 쓰레기들아 니들은 그 업을 계속 대물림 받을것이다 나쁜것들아,2020-01-02T03:19:57+0000,0,0,연합뉴스,"슈주 김희철·트와이스 모모, 열애 인정… 13살차이 한일 커플",cws1****
희철이 누나 행복해야 돼~,2020-01-02T03:18:45+0000,0,0,연합뉴스,"슈주 김희철·트와이스 모모, 열애 인정… 13살차이 한일 커플",gedi****
"미쳤다...  13살차이 한일.... 대박이다... 미우새는 하차,,? 아는형님에서 활약하는 커플 보고싶다..❤",2020-01-02T03:17:45+0000,0,0,연합뉴스,"슈주 김희철·트와이스 모모, 열애 인정… 13살차이 한일 커플",jyto****
미우새 하차하나여,2020-01-02T04:13:24+0000,0,0,연합뉴스,"슈주 김희철·트와이스 모모, 열애 인정… 13살차이 한일 커플",jini****
송중기?,2020-01-02T04:12:26+0000,0,0,연합뉴스,"슈주 김희철·트와이스 모모, 열애 인정… 13살차이 한일 커플",wkdg****
김희철 부럽다,2020-01-02T04:08:31+0000,0,0,연합뉴스,"슈주 김희철·트와이스 모모, 열애 인정… 13살차이 한일 커플",ktgf****
시국층들은 댓글달지마.,2020-01-02T04:07:07+0000,0,0,연합뉴스,"슈주 김희철·트와이스 모모, 열애 인정… 13살차이 한일 커플",goos****
무슨 저게 김희철 전매특허 포즈야? 러브라이브의 니코가 오래전부터 사용했던 건데 기자야 모르면 가만히 있자,2020-01-02T04:06:33+0000,0,0,연합뉴스,"슈주 김희철·트와이스 모모, 열애 인정… 13살차이 한일 커플",nown****
"연예기획사 사장들이  차라리 희철이랑 스캔들나라고 할 정도로  믿고 맡기는 인성이라  차라리 다행이네~ ㅋㅋㅋ  일본넘들은 조센징과 사귄다고  지롤들 하겟지만,    모모짱이랑 희철이  나이차 안느껴질 정도로  잘 어울린다 ~        지효랑 사귄다는 강다넬 개수레기 넘에 비하면 백배 낫다~~~",2020-01-02T04:02:43+0000,0,0,연합뉴스,"슈주 김희철·트와이스 모모, 열애 인정… 13살차이 한일 커플",kiro****
연예인들은  쇼가 장난아님,2020-01-02T03:59:43+0000,0,0,연합뉴스,"슈주 김희철·트와이스 모모, 열애 인정… 13살차이 한일 커플",lyk9****
13살차 음........부럽군,2020-01-02T03:54:57+0000,0,0,연합뉴스,"슈주 김희철·트와이스 모모, 열애 인정… 13살차이 한일 커플",cms8****
부럽다,2020-01-02T03:54:36+0000,0,0,연합뉴스,"슈주 김희철·트와이스 모모, 열애 인정… 13살차이 한일 커플",kore****
새해엔 일본여자랑 썸을 타겠습니다,2020-01-02T04:51:19+0000,0,0,연합뉴스,"슈주 김희철·트와이스 모모, 열애 인정… 13살차이 한일 커플",dkat****
모모언니 축하해요 악플 신경쓰지 말고 이쁜사랑해요! 저희 원스들은 언니 응원해요,2020-01-02T04:50:44+0000,0,0,연합뉴스,"슈주 김희철·트와이스 모모, 열애 인정… 13살차이 한일 커플",dlac****
악플에 상처받지 말고 이쁜 사랑 나누시길..,2020-01-02T04:49:54+0000,0,0,연합뉴스,"슈주 김희철·트와이스 모모, 열애 인정… 13살차이 한일 커플",lbh1****
니코니코니에 반했군...,2020-01-02T04:49:17+0000,0,0,연합뉴스,"슈주 김희철·트와이스 모모, 열애 인정… 13살차이 한일 커플",1228****
친한 오빠동생 사이라며ㅋㅋ 남녀 사이에 오빠동생은 무슨,2020-01-02T04:47:08+0000,0,0,연합뉴스,"슈주 김희철·트와이스 모모, 열애 인정… 13살차이 한일 커플",heaz****
구설수 없이 깨끗하게 사니까 이런 행운도 생기는구나 나도 착하게 살아야겠다,2020-01-02T04:44:35+0000,0,0,연합뉴스,"슈주 김희철·트와이스 모모, 열애 인정… 13살차이 한일 커플",h2j1****
모모가 일본인이네,2020-01-02T04:42:48+0000,0,0,연합뉴스,"슈주 김희철·트와이스 모모, 열애 인정… 13살차이 한일 커플",pm20****
뭐 그냥 축하 해주면 되지 이상한 말들 많네~ 축하드립니다~,2020-01-02T04:42:11+0000,0,0,연합뉴스,"슈주 김희철·트와이스 모모, 열애 인정… 13살차이 한일 커플",wutt****
이젠 강등 ~ 아니 항상 강등이었나 ㅋㅋㅋㅋ,2020-01-02T04:38:31+0000,0,0,연합뉴스,"슈주 김희철·트와이스 모모, 열애 인정… 13살차이 한일 커플",lmgk****
축하해요 이제 이성을 사귈때가 되었지요,2020-01-02T01:39:23+0000,0,0,연합뉴스,"슈주 김희철·트와이스 모모, 열애 인정… 13살차이 한일 커플",okky****
댓글들 칭찬 많네 나도 30대 인데 신입 20대 경리랑 사귀어도 욕하지 마라 ㅋㅋ,2020-01-02T04:35:48+0000,0,0,연합뉴스,"슈주 김희철·트와이스 모모, 열애 인정… 13살차이 한일 커플",cska****
미우새탈출?  부럽뜨아,2020-01-02T04:35:25+0000,0,0,연합뉴스,"슈주 김희철·트와이스 모모, 열애 인정… 13살차이 한일 커플",dldl****
13살... 에휴,2020-01-02T05:31:31+0000,0,0,연합뉴스,"슈주 김희철·트와이스 모모, 열애 인정… 13살차이 한일 커플",love****
일제불매,2020-01-02T05:30:53+0000,0,0,연합뉴스,"슈주 김희철·트와이스 모모, 열애 인정… 13살차이 한일 커플",migu****
짱구 유치원 원장쌤,2020-01-02T05:27:48+0000,0,0,연합뉴스,"슈주 김희철·트와이스 모모, 열애 인정… 13살차이 한일 커플",weth****
일본여자 개안치 ㅋㅋ,2020-01-02T05:26:00+0000,0,0,연합뉴스,"슈주 김희철·트와이스 모모, 열애 인정… 13살차이 한일 커플",algu****
슈주+트와이스. SM과 JYP의 합방!!,2020-01-02T05:24:06+0000,0,0,연합뉴스,"슈주 김희철·트와이스 모모, 열애 인정… 13살차이 한일 커플",1002****
여시에서 가루가 되도록까던데 ㅜㅜ,2020-01-02T05:23:47+0000,0,0,연합뉴스,"슈주 김희철·트와이스 모모, 열애 인정… 13살차이 한일 커플",1994****
좋겠다. 난 띠동갑이 최고기록인데 ㅎ,2020-01-02T05:23:25+0000,0,0,연합뉴스,"슈주 김희철·트와이스 모모, 열애 인정… 13살차이 한일 커플",gazu****
희철 ㅋ 대박ㅋㅋ,2020-01-02T05:19:24+0000,0,0,연합뉴스,"슈주 김희철·트와이스 모모, 열애 인정… 13살차이 한일 커플",minj****
기모노입고.충성하겟네.,2020-01-02T05:16:38+0000,0,0,연합뉴스,"슈주 김희철·트와이스 모모, 열애 인정… 13살차이 한일 커플",k125****
희철아밤마다.감당할수있겠냐.젊은조개피,2020-01-02T05:14:02+0000,0,0,연합뉴스,"슈주 김희철·트와이스 모모, 열애 인정… 13살차이 한일 커플",k125****
그럴 줄 알았다요.  김희철의 첫 열애기산데 가짜일수 없겠다했건만 이제 인정하네요. 서로 사랑을 숨길 이유가 없지요. 진정한 팬들은 연애까지도 응원합니다.,2020-01-02T05:11:49+0000,0,0,연합뉴스,"슈주 김희철·트와이스 모모, 열애 인정… 13살차이 한일 커플",jinz****
예쁜 사랑 응원할게요.,2020-01-02T05:44:20+0000,0,0,연합뉴스,"슈주 김희철·트와이스 모모, 열애 인정… 13살차이 한일 커플",leey****
김치년 보다는 일본녀가 낫지 현명한 선택 한 것임,2020-01-02T05:43:49+0000,0,0,연합뉴스,"슈주 김희철·트와이스 모모, 열애 인정… 13살차이 한일 커플",june****
노재팬,2020-01-02T05:43:14+0000,0,0,연합뉴스,"슈주 김희철·트와이스 모모, 열애 인정… 13살차이 한일 커플",0918****
김희철 멋있다~~ ㅊㅋㅊㅋㅊㅋ,2020-01-02T05:43:12+0000,0,0,연합뉴스,"슈주 김희철·트와이스 모모, 열애 인정… 13살차이 한일 커플",pjw7****
와 정말로 축하드립니다.!!! 좋은 사랑하시고 큰 사건사고 없이 행복하게 좋은 연애 하세요오~~!!,2020-01-02T05:41:06+0000,0,0,연합뉴스,"슈주 김희철·트와이스 모모, 열애 인정… 13살차이 한일 커플",drea****
아는형님에서 했던 그 어필이 결국 성지순례를 일으키는군 ㄷㄷㄷ,2020-01-02T05:40:58+0000,0,0,연합뉴스,"슈주 김희철·트와이스 모모, 열애 인정… 13살차이 한일 커플",kdhs****
성차별 오진다 왜 여자는 13살 연하남과 못 사귀냐!!,2020-01-02T05:39:20+0000,0,0,연합뉴스,"슈주 김희철·트와이스 모모, 열애 인정… 13살차이 한일 커플",cabo****
모모 가와이데스,2020-01-02T05:38:35+0000,0,0,연합뉴스,"슈주 김희철·트와이스 모모, 열애 인정… 13살차이 한일 커플",xun8****
헐 축하드려요~~~~=,2020-01-02T05:37:49+0000,0,0,연합뉴스,"슈주 김희철·트와이스 모모, 열애 인정… 13살차이 한일 커플",thsd****
왜 하루 늦게 나오는거야 어제 나왔어야지,2020-01-02T05:36:56+0000,0,0,연합뉴스,"슈주 김희철·트와이스 모모, 열애 인정… 13살차이 한일 커플",ming****
모모가 어린나이는 아닌데... 김희철이 의외로 나이 많은거..,2020-01-02T05:59:13+0000,0,0,연합뉴스,"슈주 김희철·트와이스 모모, 열애 인정… 13살차이 한일 커플",bigj****
부럽고로~~,2020-01-02T05:56:17+0000,0,0,연합뉴스,"슈주 김희철·트와이스 모모, 열애 인정… 13살차이 한일 커플",kans****
"차라리 기사 댓글 전부 다 막아 놨으면 좋겠다 아니면 열애설 본인들 동의 없으면 못 내게 하던지,....",2020-01-02T05:55:40+0000,0,0,연합뉴스,"슈주 김희철·트와이스 모모, 열애 인정… 13살차이 한일 커플",lec4****
사나가 아니라서 정말 다행 ^^ 둘이서 꼭 결혼까지 갔으면 좋겠다.,2020-01-02T05:55:24+0000,0,0,연합뉴스,"슈주 김희철·트와이스 모모, 열애 인정… 13살차이 한일 커플",fire****
13살 연하 여자친구에 돈도 많고...  연예인 걱정은 하지말자,2020-01-02T05:54:47+0000,0,0,연합뉴스,"슈주 김희철·트와이스 모모, 열애 인정… 13살차이 한일 커플",wbab****
일본 상품 불매운동 하는데 일본인 속한 아이돌은 불매운동 안하나??! No Japan. 아이돌 김희철 + 모모니까 대중들은 이해 하겠지??????!??,2020-01-02T05:54:39+0000,0,0,연합뉴스,"슈주 김희철·트와이스 모모, 열애 인정… 13살차이 한일 커플",psw6****
그나마 모모라서 응원하는거지 사나였으면...?,2020-01-02T05:54:02+0000,0,0,연합뉴스,"슈주 김희철·트와이스 모모, 열애 인정… 13살차이 한일 커플",rhkd****
얘가 모모랜드인가 뭔가하는 그 걸그룹인가?,2020-01-02T05:53:41+0000,0,0,연합뉴스,"슈주 김희철·트와이스 모모, 열애 인정… 13살차이 한일 커플",hi_s****
다행이다~ 사나가 아니라서^^,2020-01-02T05:53:29+0000,0,0,연합뉴스,"슈주 김희철·트와이스 모모, 열애 인정… 13살차이 한일 커플",rant****
그니코니코방송탈때부터 에측했음... 아ㅡㅡ 나는언제연애하냐,2020-01-02T05:10:25+0000,0,0,연합뉴스,"슈주 김희철·트와이스 모모, 열애 인정… 13살차이 한일 커플",jetb****
미운우리새끼도 아니고 청소하는새끼였는데 열애설까지 터졌으니 미우새에서 빠이빠이,2020-01-02T05:07:17+0000,0,0,연합뉴스,"슈주 김희철·트와이스 모모, 열애 인정… 13살차이 한일 커플",mrck****
김희철이 보면 서운하겠네... 댓글에 장기하 얘기가 더 많아 보이노. ㅋㅋ,2020-01-02T05:04:16+0000,0,0,연합뉴스,"슈주 김희철·트와이스 모모, 열애 인정… 13살차이 한일 커플",777k****
노란리본 희철이가 일본 여성이랑? 문바 달창 죽창든 조창들 반응이 궁금 하구나 일본에만 가면 무조건 친일파라고 욕하고 거시기 하던 미친 집단들이.... 노란리본은 어찌할가??? 알고는 있을라나? 친일이 아니라 앞잡이이는 더불어민주당에 득실 거리는데,2020-01-02T05:02:07+0000,0,0,연합뉴스,"슈주 김희철·트와이스 모모, 열애 인정… 13살차이 한일 커플",yoon****
둘 다 오래 행복하세요,2020-01-02T04:58:27+0000,0,0,연합뉴스,"슈주 김희철·트와이스 모모, 열애 인정… 13살차이 한일 커플",ke41****
추카추카~~~~,2020-01-02T04:56:40+0000,0,0,연합뉴스,"슈주 김희철·트와이스 모모, 열애 인정… 13살차이 한일 커플",ioev****
우와~~진심으로 축하해요~^^ ♡,2020-01-02T04:56:14+0000,0,0,연합뉴스,"슈주 김희철·트와이스 모모, 열애 인정… 13살차이 한일 커플",jin0****
새로울거도 없는 기사네,2020-01-02T04:55:18+0000,0,0,연합뉴스,"슈주 김희철·트와이스 모모, 열애 인정… 13살차이 한일 커플",kraf****
내 예상이 맞았어,2020-01-02T04:55:17+0000,0,0,연합뉴스,"슈주 김희철·트와이스 모모, 열애 인정… 13살차이 한일 커플",alth****
반일불매운동도 아제 끝나가는구나..,2020-01-02T05:36:07+0000,0,0,연합뉴스,"슈주 김희철·트와이스 모모, 열애 인정… 13살차이 한일 커플",kimh****
ㅋㅋ 나이차 많네 그래도 잘어울린다. 결혼해랑~^^,2020-01-02T05:36:03+0000,0,0,연합뉴스,"슈주 김희철·트와이스 모모, 열애 인정… 13살차이 한일 커플",gusr****
하필 김희철같은 ㄱ ㅆㄹㄱ 랑,2020-01-02T05:35:29+0000,0,0,연합뉴스,"슈주 김희철·트와이스 모모, 열애 인정… 13살차이 한일 커플",qnfa****
최근이 아닐것같다ㅋㅋ 잘만나세요 ㅊㅋ,2020-01-02T05:35:25+0000,0,0,연합뉴스,"슈주 김희철·트와이스 모모, 열애 인정… 13살차이 한일 커플",otde****
예쁜 사랑하시고 오래가세요!,2020-01-02T05:35:24+0000,0,0,연합뉴스,"슈주 김희철·트와이스 모모, 열애 인정… 13살차이 한일 커플",dece****
얘들아 우리 희철이형은 인정해주자 진심... 희철이형 좋은 사람인거 오피셜이든 뇌피셜이든 사실이잖아 진짜 축하해주자,2020-01-02T05:35:19+0000,0,0,연합뉴스,"슈주 김희철·트와이스 모모, 열애 인정… 13살차이 한일 커플",sang****
가지마ㅠㅠ모모누나,2020-01-02T05:34:25+0000,0,0,연합뉴스,"슈주 김희철·트와이스 모모, 열애 인정… 13살차이 한일 커플",yeji****
김치한녀보다는 일본여자가 낫지 ㅋㅋㅋㅋ 대세는 한남 일녀 커플임ㅋㅋㅋㅋ,2020-01-02T05:33:19+0000,0,0,연합뉴스,"슈주 김희철·트와이스 모모, 열애 인정… 13살차이 한일 커플",taga****
미제나가가 애국이라는분?,2020-01-02T05:33:18+0000,0,0,연합뉴스,"슈주 김희철·트와이스 모모, 열애 인정… 13살차이 한일 커플",ckdg****
"열애설 뜰때마다.. 팬들은 ""그래도 사나는 아니여서 다행입니다"" 이러네.. 어쩌면 트와이스팬들은  사나가 아닌거에 안도의 한숨쉴듯.. 사나열애설 터지면 그룹 내리막..ㄹㅇ",2020-01-02T05:32:25+0000,0,0,연합뉴스,"슈주 김희철·트와이스 모모, 열애 인정… 13살차이 한일 커플",good****
요즘 모 나이차는 걸림돌이 아니야 ..,2020-01-02T05:52:57+0000,0,0,연합뉴스,"슈주 김희철·트와이스 모모, 열애 인정… 13살차이 한일 커플",87kc****
이시국에....  부럽다 ~♡,2020-01-02T05:52:26+0000,0,0,연합뉴스,"슈주 김희철·트와이스 모모, 열애 인정… 13살차이 한일 커플",duca****
ㅊㅋㅊㅋ 둘이 사귈줄 알았다!,2020-01-02T05:52:08+0000,0,0,연합뉴스,"슈주 김희철·트와이스 모모, 열애 인정… 13살차이 한일 커플",didu****
헤어지지 말고 행복해라,2020-01-02T05:52:04+0000,0,0,연합뉴스,"슈주 김희철·트와이스 모모, 열애 인정… 13살차이 한일 커플",pjw6****
한녀x일남은 다 이혼하자너 ㅋㅋㅋㅋ,2020-01-02T05:51:16+0000,0,0,연합뉴스,"슈주 김희철·트와이스 모모, 열애 인정… 13살차이 한일 커플",pmss****
재앙이네,2020-01-02T05:47:43+0000,0,0,연합뉴스,"슈주 김희철·트와이스 모모, 열애 인정… 13살차이 한일 커플",zeno****
🔵 한국에 활동하는 일본인 연예인들은 모두 우리조국 대한민국 이땅를 떠나라  ••••••••   🔵,2020-01-02T05:47:35+0000,0,0,연합뉴스,"슈주 김희철·트와이스 모모, 열애 인정… 13살차이 한일 커플",oran****
나도 일본여자 만나고 싶다,2020-01-02T05:47:30+0000,0,0,연합뉴스,"슈주 김희철·트와이스 모모, 열애 인정… 13살차이 한일 커플",kkk1****
김희철 손 이쁘다.,2020-01-02T05:47:12+0000,0,0,연합뉴스,"슈주 김희철·트와이스 모모, 열애 인정… 13살차이 한일 커플",golw****
모모보다는 쯔위가 훨 예쁜데.,2020-01-02T05:45:29+0000,0,0,연합뉴스,"슈주 김희철·트와이스 모모, 열애 인정… 13살차이 한일 커플",csky****
우리공화당에 투표합시다.,2020-01-02T05:45:13+0000,0,0,연합뉴스,"슈주 김희철·트와이스 모모, 열애 인정… 13살차이 한일 커플",bisu****
